,filename,raw_url,yahoo_image_url,title
0,surfing_1,https://tahititourisme.com/en-us/tahiti-activities/outdoors/tahiti-surf/,https://msp.c.yimg.jp/images/v2/FUTi93tXq405grZVGgDqGxSYHw9c9Y1pwAp2jceC-E7NjuXcf5JUo5LY_QIxLr0R9AUMvmjN_1rFFZFFZtZQLxjs-dBi3hasDptHag_mh2BLllVpFKHuBU7_kPQ079yKhrA2ZXyNR4EEIHHzV9NO8ALeNo-jTjUqgDxxYak8zU-Z2x39vXwIuKirKSsWSnzXLAHD5JCjpiUOTODuec_HAUqziG--IQu9-QD00MHIee-5yBl7y-V295AXd9OmbSTfCHT4POPSzuaXzIUQYTX30gid4_oO-wnHOBH7kFjR4X8ybVMHIgjdxVkR08EStv4KWdjX2gHdCXThQ7QrhoDwFvY0iV7zJxjb5uwTj8DqoSs=/Tom-Servais-Tahiti-Surf-Pro-2017servais17_033278700x700px.jpg,Tahiti Surf | Surfing Tahiti | Surfing The Islands of Tahiti
1,surfing_2,https://www.britannica.com/sports/surfing,https://msp.c.yimg.jp/images/v2/FUTi93tXq405grZVGgDqG8ubdLLQ9yvMQzUOZbSir4F-uCtiQHyTJdtdDaqOqJUkUYUQ-iAmlJ214mdLEWIrwe1j0bpP9y0wr9CCkKQ_8AubrON8lJN_OKdGbKWMP1ONeJgfTJn6AYXOtCRwRmXl-_lZSpQAGnzxawGyms0q20eh5ZeEgiXBO2NVHRdREloSwbEPSMcF54ZbEvHo9T7XFzSVJkFNSXwSDv7xXex137o-zX1XH0dpr0EW9bcMvvZ64d69vYDVaDevW-2JosnRYg==/man.jpg,surfing | water sport | Britannica
2,surfing_3,https://isasurf.org/,https://msp.c.yimg.jp/images/v2/FUTi93tXq405grZVGgDqGx-2L2lyYoOCDZDa5ZXt40h122ucsGpRMMXHaqnPy2bQr8VRbaGZTNm4k2gmmuKdniVW6JaCNBTwDhz0qD2kA8s24R6vcaGDTsXpD8cLexDklfuNoTkOK-Q_Rjyia6fby4LiwXK2dhcxB2zEE7twT8poTj5b248QHvoPxkP7eKfM7Gtgbm0UbmRUwAclc1WQOBRSNB-tLPcShOMIedBzlUvLTzW5lryUO7B1zLe9ExKGOLTgpkHAP2XnpZjGhsHjiGk3LM0-4nrcljSwrJsCOc1d8xxnU1z_nr3wHj7NRzLJKppr5vCFCO5BFWjjVZKrkQ==/small_sen_ath_Imane_Signate_ath_ph_Pablo_Jimenez_ph-2.jpg,International Surfing Association: A Better World through ...
3,surfing_4,https://olympics.com/en/news/surfing-explained-how-the-new-olympic-sport-is-judged,https://msp.c.yimg.jp/images/v2/FUTi93tXq405grZVGgDqG0Jh5UcHVYM6Zlm9HoDKgKlxwYS1qkmLlXCfBbnrkZiFIwV8zePCkJcgsoDD_A4FGFspHlK6hgjmWWE4u70WYeE7sqjWGIT6OS3WZ9pkBxLe9SCSjeddPXd0dNQIuQyV_NtA_DpxOgylZnIPFLMYoE7TmuFFMZ5C5a6a_EqZJ_7AhWxamlc3fUVQpg9OVjrz7RQx0V7tfujTsouQqq-Jg-IaTtnWiVFvMmePQRje8cZj1kBJnrLkSVYlibr4J3r5OioqOnytSIvE0zQmbclDh8DCBEat6uy3aY4m3bwLLQrrK-6u7TXDGLc9ViZ_4xD5OINk1FqJ9eE0Kz8G6BZUDmg=/zu9vjmupm9typ4rjohdz,All you need to know about how surfing how it is judged
4,surfing_5,https://www.nationalgeographic.com/adventure/article/150802-hawaii-surfing-south-pacific-ocean-surfboard-pipeline-ngbooktalk,https://msp.c.yimg.jp/images/v2/FUTi93tXq405grZVGgDqG00tCENiHNroDYx9o3vNcDYEAsmGI_joIZwMAem_0z9gkq9X1jhraZ2FCVMl54pRmAv7u5nU8hoviNDC_e0l7JKSPvqSuKFG5JKy8iRZ260CpCcn3894Sj9AYWynJSF8iZus43yUk384p0ZspYw_U414mB9MmfoBhc60JHBGZeX7-VlKlAAafPFrAbKazSrbR6Hll4SCJcE7Y1UdF1ESWhKTp2QYR3rzOtHII1Vg06GLdoEg_eg29X0dm7_9_esE4fHtyFjmu22HcFXg82FXwsA6o_M6SWNQ0LZu8I-6mynq/01booktalkbarbariandays.jpg,What Surfing Teaches You About Life
5,surfing_6,https://www.redbull.com/int-en/best-big-wave-surf-videos,https://msp.c.yimg.jp/images/v2/FUTi93tXq405grZVGgDqG1d28YUsu12_DDHk7feEse_y5suVZ1rR1m-PcoYVHMzvmxbFQYyFZvZe67z5F-2sut90HakFwgwkA3JCcoKx_nTc4VuVxLd150ZE1W2R8z8WSWhMZFD6taBomtRG1UF49-Y9Awl0Lt1RjfdV29PzUmgTwZYF_rRZiAp42irZ7RXgAIt28KpDqaUYJlihKzkJfRMWnqDLJfolFgXXws0C152rW7QWLCSGqcTNEXLzUfrkSrcajD14_8TgGsHye_DDwLi-NbXRxXBvqm88Rg_Cm9Sw967yDrJExMHM-nAyKwHrsX7a4cJBhTM284WDJrmbkzJmc0R2I61hIZSiBRzUV-8yujkacz3-zhaQ-NJ_zN_sy0cgE1wElJaeNcwQ2Y2g5AhcCmUcSIIe4nL5xeAevc-fXl1XqTkptq5qT-rHMd4mlZXSrVcn4pkD7WFOu6nyumRAFqyaY6_aWDhsFnzuqeGM9PpHSoUytbxswQu3_MFA/chasing-the-shot-leroy-bellet-michel-bourez-tahiti,Big wave surfing videos: the 9 clips you have to watch
6,surfing_7,https://www.surfer.com/magazine/the-end-times-for-pro-surfing/,https://msp.c.yimg.jp/images/v2/FUTi93tXq405grZVGgDqGyzyqbokW9vXRXeptB2iR3tsYqk2lAPTvxoeXgR7GjBlCNxkwo3Mh9y6kDnnqA12buW_VBvnIXBnByZ2oMXG8N1Efl6brSxCJdWwLheLWnaFSb_XW1Y6-rEsOsWFe5xU1PG2zlO2hyl9Bhdu3BDVcKr1a4DDaDqKWy9GzgCvu9T7RieegC8czN9xPOfM-X6KWaPCyhegI00RTxCVaIG3YQ7-JsblGWJpaoPN5QlLwcxrd2U4cUFUkl97nzUO160yuj_QUXRm-jGOLxdB2E2Xpqq4KT_dvCXaV5ods_yQP_DGKbAVAmIf0db92nfqFQ02Mi1OS1QdPZCQ0prJLBzE9I7qMP7GoacS2wSY5tCoWe3v/SR1020_PROSURF_u2329430.jpg,How the Covid-19 Pandemic May Destroy Pro Surfing and the WSL
7,surfing_8,https://www.latimes.com/sports/olympics/story/2021-07-25/us-surfing-competition-starts-tokyo-olympics,https://msp.c.yimg.jp/images/v2/FUTi93tXq405grZVGgDqG_xY52frmHpVltX1Cgt8i22GeHLvVStyQKaiI7Z4mYi9jM1zloEy3OZhmkUUVJwsKW0s6SQI4AxRNci3HrdJ-tTYb1UM7FxW9-kzubOqyyQCF2pK0u24SR_v0NS0pLQTTrSv5cdBsEyGmBt08iYb7FL9MZxReVistEx49dKkEiJgFZYAbdWY_p5AMJDBFvgLJltwOX9iwfU_03vS2GO_Ui1tElj-zirkYpoLkQtDnPPXa3GJ-ajkEW1nPkEHFJMsfnbw-6hZNq6AUweSZBCMoQnfrmZG7wB-t0PEZl7HaexDUe_upD86i0ACdbOHIVkRqy0VY0r-G5LPxXJRSqr63_D_FfE9eDHUlDTDwU8uIP9MImP3nd34KZ4CgbC1R6Y3fw-qBj_cJI-r2MPVmMriOfJuhlP7Kh2aLxjyw28lMw1KrtvQGdN0sJvM-MC0TacXuA2Ycm_Zx_TOBZLXvYlpOYV-rdmS-JDkd7d-jpzP83Ndu8Ya5DMSFDsmep5fTSgfbKVbeNNp3HaXd0wRuY5n6TgeM4Wds6UrlI36hmfUj-fdnNiwucDArvGsL4_Qwd4WhBTQQbzQ0p4caWkyaSELo94=/90,"This will never happen again': For U.S. surfers, a surreal ..."
8,surfing_9,https://en.wikipedia.org/wiki/Big_wave_surfing,https://msp.c.yimg.jp/images/v2/FUTi93tXq405grZVGgDqGx5cm8knTLo61O84kVTxOan841a30-aIJSoqkmlQNsP4-Qv0KVqX9M9vYFUiwJk7TR6hdkhVjjhPW7HYg0yyWFER1to0edGNlevjLj1NReeImAgXnUStxFQ4jmZscb9yG8Eyg9gb4dQ1FkXXHwIPMazL4iPwKtiRCmnmkHb-WF5ogf9Bhl5x1NXYHJRHgdZJznyxm_lgLLeR89c4ZpVBhN1Y2si1WaUdYoNCZWqwgGs3VUCAYziA8BqQjcvhqDzzTvIvNZUjWKRbjnupjbh5yYKuFHx83x7gue2NtDLon2In/2010_mavericks_competition.jpg,Big wave surfing - Wikipedia
9,surfing_10,https://www.surfertoday.com/surfing/the-glossary-of-surfing-terms,https://msp.c.yimg.jp/images/v2/FUTi93tXq405grZVGgDqG0CXo77wfHv0Zcf4MHSyPLS6PlW2yVKmm0Qf9n8n48oX-7lejEYqmepY-01RLPRb5dRcXNPDOKj5EdJYbuK05h5eQCJBebn62rzScXBE0l1UMmZzRHYjrWEhlKIFHNRX7zK6ORpzPf7OFpD40n_M3-zLRyATXASUlp41zBDZjaDkPJEi-q_puAT_V_rElCtC6HJ_ao0nVpQfQIINfzsa41B5vjgnedt62_HWyKL7ILtWt4YPSMJJ9abBLUy2Lqcx6_KOs0HD2JdbiAMZL40A1VI=/glossary-of-surfing.jpg,The glossary of surfing terms and surf slang
10,surfing_11,https://www.bbc.com/news/business-60689501,https://msp.c.yimg.jp/images/v2/FUTi93tXq405grZVGgDqG96UCaFDlLucBB3FsThCQIhJSvQFe9sEMXqI4ndXciU43M5nYQkTh45xYJIy3NgMHMJvwMw5DdATkf_QTYyn53VklCbq6-9euPRp0aQHoiVKu_ywooGEAuVXHRy5foS9B0aVyPM2oMOzO7OqapMlEaA9x2d053i6yqs_-C4nX2J5mccrn3nn-eS7Wx-zgNy5oVwBKV_l2dBFBe7ZOHMRrd3HucHIBKtzpOjWoG4d9TDy8St8ymtGfvCBc0elIIfUvaP_bT5-9-xdNjvs2IqDJdvhueNh02x0lyXDiCU0Zml6/_123636476_kianaefoil3.jpg,The innovative surfing tech making waves - BBC News
11,surfing_12,https://www.cnn.com/travel/article/50-surf-spots/index.html,https://msp.c.yimg.jp/images/v2/tpvPBYOX1wpNVI1UoNSgEuM0SHnNwdtmQ4FnZffmEPZ16XqohQksoZrjjlTqydLybEurKJYCqHKYDkEA7gfYgGEj3IO0BO_FRj2vFZzDNMnRIKk0ndnmLdRjVQb7E0hsIIH4Xk91Wb0EF1JUqe16JxVvKgoPSXHBAwJFu6oE2sqAIDhEZqJ3eK3HvI6UaYUpq5YPwmbrftXkcMePaRU3-TikIgg6MAF1Smgr_2mhphf9UNJDPEgDFvr65nzze2hre40hjAhlNY53vk5TzIwvkaIqsgezckwMWjb51Hqp-1E=/130624174959-50-surf-spots-the-box.jpg,50 best surfing spots around the world | CNN Travel
12,surfing_13,https://en.wikipedia.org/wiki/Surfing,https://msp.c.yimg.jp/images/v2/FUTi93tXq405grZVGgDqGx5cm8knTLo61O84kVTxOan841a30-aIJSoqkmlQNsP4-Qv0KVqX9M9vYFUiwJk7TTd0x-alh9F5ni_diRM979T-qjnYg16YOjOMEUMZuYGtFg5_XQfcs8X8KGO1MQHkFIwQUr2uPRjssvIKp0lzNh5caPRnczZZkhb6Ym94bf9_VgYWEfpGpML-rV4VGTkkjS-v_qv4_yJesJY1YGK-6K1wy83WIKOaE4cS2W2uvUYnqLL4QiFE6AJO82Fqai_e7onKSSch52-SDh3-TcSsMjbPe4wBgrkYWAfsXzjtYwdq/Mavericks_Surf_Contest_2010b.jpg,Surfing - Wikipedia
13,surfing_14,https://www.wavetribe.com/blogs/surfboards-waves/glossary-of-surfing-terms-and-surf-slang,https://msp.c.yimg.jp/images/v2/FUTi93tXq405grZVGgDqGydWUsgemc_aHIpNSRvTxSUe87N7nOy6mGws_-jADtw3OLjKjqjerE7a3GJzP73z9MQV-l9h_edPn_QRJSjWfd98B-ESH6i8UawYc2TeB08IY7pSAWn_pITX2V-AWtU7DG1jWGs_l3caqJeX85Iswjz7lNRKLnGCgEvnNdzu0bQyIIH4Xk91Wb0EF1JUqe16JxVvKgoPSXHBAwJFu6oE2sqAIDhEZqJ3eK3HvI6UaYUpq5YPwmbrftXkcMePaRU3-c7x72-_sZLY7Eo4-bJfaqkTg_i8fsfxu9i3c17INAZZR3xzrgPfjT-vG0kFhnFwaOSxq4SMzIZYHD1NTjYqZ6s=/lighter,Glossary of Surfing Terms and Surf Slang | Surf Lingo | Wave ...
14,surfing_15,https://www.surfertoday.com/surfing/what-is-surfing,https://msp.c.yimg.jp/images/v2/FUTi93tXq405grZVGgDqG0CXo77wfHv0Zcf4MHSyPLS6PlW2yVKmm0Qf9n8n48oXWous7IAPpNIuouAHFNV61GYnhxkr9zetP_s2LLtHh0jxekkVSLCfzW8WIi7__njJ_ozt4jeMC7ch2A8SmqoAYk4rq0a0jGXsPcQJ4hSmoJ97N3WshyBIZ2Uro-X7bGbbv65IP1h9j-nVyc6zgih4IS_BUqG_NeIaKGlkx9eSLQ5o1USV5qG8Py_HBzjyBDlwbUzvMi64c39maRGQyDX6Uw==/surfingsport.jpg,What is surfing?
15,surfing_16,https://www.nytimes.com/2021/07/07/books/review/the-drop-thad-ziolkowski.html,https://msp.c.yimg.jp/images/v2/FUTi93tXq405grZVGgDqG_u9Cwza-WIavZgx6-LyxlMHWub1kxn61V0ZJ5e85eHOLc77V8mB1ofwLqqgbAVlCsYm2I0rymqEW_LU7N5SUEQU-sl2m9mBhImGEqTk35HEFAqd03gaq1_COQ-A97QFSSATb1GKj_utldNLdCieqlV3RdGC9LV2RTOxOnXIMwAsgEKGUtMmPDos7ZA-sBQmQ6aeEHiySb__BQrLhrs8Dxeg8C7VqK_L5fTkSxTyP394jXIJxgX-Wkn4KNpKJAPLdPAzB467JYhkmedQrauiYyTZVWR1dluEdy8ZB0LPJS-iby4MkfQPgVPPzBEM4MXcMPKOs0HD2JdbiAMZL40A1VI=/Bissell-videoSixteenByNineJumbo1600.jpg,What Can Surfing Tell Us About Addiction? - The New York Times
16,surfing_17,https://www.sixsenses.com/en/experiences/soul-surfing,https://msp.c.yimg.jp/images/v2/FUTi93tXq405grZVGgDqGzfgXe4Y-Jk8JNSleN8L5JTg8fTEvw5f7MmhLUTGqx4GgTAr6JbxZ6BePhIcEOIYz_QDo11B8oZ4Va7qEfyM0w0q6inC3VOG7YDy4VCao4YM8KVcIcaVz3PYqvy1KGfmbLLbZc3qeXAN7nEHWEySQniRmqITgFb4kDjjte5fcw5vjBBSva49GOyy8gqnSXM2Hlxo9GdzNlmSFvpib3ht_39WBhYR-kakwv6tXhUZOSSNL6_-q_j_Il6wljVgYr7oreC7FQzagRfweSQk6QZ9aG5cRoiCYZtcdtFDHzNtdlqVARxl89x9br3aLpH-XyTYKHiO_SPZeIWWIzyuki_iJ0U=/fiji-surfing_fiji2_r.jpg,"Luxury Surf Resorts in the Maldives, Fiji, Bali & Thailand"
17,surfing_18,https://dreamseasurfcamp.com/surf/,https://msp.c.yimg.jp/images/v2/FUTi93tXq405grZVGgDqG9fliqcs1zbqU6K-GHYRDjLdLDawCGyKL95NSc8qUGbTiR8iq4CX0FbX4WS8DxfFNKlHONIwrx3vsQK_GUu431iMVED_n_r3P5WcE1gBHlKRqspFkaGxCXkp3dr6hHV7cCwBw-SQo6YlDkzg7nnPxwFKs4hvviELvfkA9NDByHnvucgZe8vldveQF3fTpm0k3wh0-Dzj0s7ml8yFEGE199JUX49JYi9o0Am0OrKd_cCFkzWhmHevx2Seop90Kq_KpcqT_hgoG6pKpB-HKvaH9wy5CGZUWI8n7HYo3T1FJHB6/surf-index-1024x1024.jpg,Surf Camp France | Surfing lessons | Dreamsea Surf Camp France
18,surfing_19,https://www.thetimes.co.uk/article/a-beginners-guide-to-starting-surfing-in-midlife-wzf6rw9wp,https://msp.c.yimg.jp/images/v2/FUTi93tXq405grZVGgDqG16KIyWtVUyPGVRIFeniSHTN2MF6G59wGmxSAEeetwdGEoOWoILGhsNcgAO0--inZbs1YDg6KVu-k4i5nIxki6vbHQyX7eaaINplY4vIpqvhhnQNXsbdlPdLPwGyN-Hwdaai_QpRmvdHlVKTSRH9ff_I_nvOjWGfZXkC190kyeCURPZafgCZ6Fm9EOM5WMTt63Ms3ICDoN3HUzkhC1u1oFZozgC4NfezujzLgMYjgyMbvK9Ciud3zGFzS3fTxvFYYfF6SRVIsJ_NbxYiLv_-eMn-jO3iN4wLtyHYDxKaqgBiTiurRrSMZew9xAniFKagn3s3dayHIEhnZSuj5ftsZtsZNbTV3q20pQDextCNurpHwQutd5keEWC5XOalU8hfp8_9k8_2hkhMNaMtkxZGlyMRKaIU6zLlPMgLCU3AUvL1/2Fmethode2Ftimes2Fprod2Fweb2Fbin2F422d971e-f5d4-11eb-8f01-2c678acbb979.jpg,A beginner's guide to starting surfing (in midlife ...
19,surfing_20,https://www.redbull.com/ca-en/best-surf-videos,https://msp.c.yimg.jp/images/v2/FUTi93tXq405grZVGgDqG1d28YUsu12_DDHk7feEse_y5suVZ1rR1m-PcoYVHMzvm0p8xSfREXLD35VNJYKrcDcasou1HcQQHnpTcbBjm9n4RaqLerxaA5bTvq-2uu5BB2W10o6A4igiCL6Q8rS7iYf2sHVuVROFY311vMRSP7E8LZJmd4yB5mvzhixd7ZK82KnWC6RP9qo-xSoKwQW0leKNYTcIoVZxhAGncRFdoHuAQoZS0yY8OiztkD6wFCZDpp4QeLJJv_8FCsuGuzwPF6DwLtWor8vl9ORLFPI_f3iiXKi2cGqHQ3qM-VtpsrvsDm636AJvEwSZbQr7l5dfqLBnJ0SIvNkEz5zY0swafL1M7x4uBs_UfF2Xx0E8o-TSg2TUWon14TQrPwboFlQOaA==/carissa-moore-waves,Best surf videos: 13 must-watch surfing clips
20,surfing_21,https://www.bearsurfboards.eu/the-spiritual-aspect-of-surfing-in-the-ancient-hawaiian-islands/,https://msp.c.yimg.jp/images/v2/FUTi93tXq405grZVGgDqG5B43YRN0pSB3etJcDb-NmW5tSYRjjHI_Q3ngFZloAYC5b9UG-chcGcHJnagxcbw3XKHLpntDu9NJbr9DWdpiZLEmeooReD41Qi1K0UzQkPb_dW1LlWyj2rn1YETn10rQUoon-qHfOxXh7lYgnXpS8LqzLAQwyIxDfqnSDuJuc84wTKD2Bvh1DUWRdcfAg8xrMviI_Aq2JEKaeaQdv5YXmiB_0GGXnHU1dgclEeB1knOfLGb-WAst5Hz1zhmlUGE3SO3BFWJIdoS47kKvloSNeZdne5H6QyKuoj1XuTbsvrvMETHbpq4dsXVFC2inhIGXSDo-u19n5PJfPREHkMX84g=/hawaii-surfing-sport-pacific-ocean-usa-HAWAIISURF0519.jpg,bearsurfboards - THE SPIRITUAL ASPECT OF SURFING IN THE ...
21,surfing_22,https://www.si.com/olympics/2021/07/26/tokyo-olympics-surfing-debut-andino-florence-moore-marks,https://msp.c.yimg.jp/images/v2/FUTi93tXq405grZVGgDqG0ZzED2E3-WScGXw_zyKNy-U8B_jODW3jzttrJqvRqj5Mn3NphpL5XDeLciPgfhHbd4xdKJ-na6tmXAhC6VasTe6kIbTVNSJt9ulCY-1X59gHw0qnKXwydQM6XlWkUiB_uH7yaCv7U02IF0F9JOR3tAERFipavpzrJarISTz9_ft6E2sIXUrc25--U9OmV1aPwawPB6aIq4OkZ1N0iqYc54HW9eOlwfW4YtOyylrew3szyUFX3tJ_2FbORSufDRAFqFwLUoBlfpck-lOmldj_8YM_QD1P-o7YPgFUjfn8uOxhnWmXubTvre98eEiK-VQgn9ii_xMlVNVZDa1jYe5SSOPH0xwAut2me8cA62lZ71jVF1EHi82ULVhmLv-OS9f2BTQQbzQ0p4caWkyaSELo94=/kolohe-andino-surfing-debut.jpg,Olympics Surfing: US team advances in sport's debut - Sports ...
22,surfing_23,https://www.checkyeti.com/en/v/9/surfing,https://msp.c.yimg.jp/images/v2/FUTi93tXq405grZVGgDqG6hNPDvVNJ87uqagZxCLcCYqQt_bAO5vfdBDEnW3gP6gZl6L9GOzCp8ymGJI7a5H8z0bx6AbKk5FHojOVJfxXyVf14pq_RShzZn-ey2ktv3mXkAiQXm5-tq80nFwRNJdVDJmc0R2I61hIZSiBRzUV-8yujkacz3-zhaQ-NJ_zN_sy0cgE1wElJaeNcwQ2Y2g5AM4wHE1F0IH3C6D39yGqK-6RAm-NRdedqpQLRyMDJ--DJM6-LajSQK8yuXn9Eec60jS1BD381QzbpB4UwDzpCaM9PpHSoUytbxswQu3_MFA/Surfing28c29Shutterstock.jpg,‚ñ∑ Book Surfing Lessons üèÑ in 120+ Locations - CheckYeti
23,surfing_24,https://theconversation.com/why-surfing-is-an-antidote-to-the-relentless-march-of-capitalism-165147,https://msp.c.yimg.jp/images/v2/FUTi93tXq405grZVGgDqG99dYtU2km9v19NysW-s3tDXqv3AkWDPxtssMwZi5KGvml59rvC4tCmKBG2goFas2gMGmBT-g-N5v5Q7WXCGU8oW5qsWCXY1SqOX1OIiemrL-5LhMlxmfssw05Rd5Sp0ypYfaHQWqDwQncVJWENoH6ksq_FxU8n6No68fPUyd8yPR14X8t7cmRi0gpOKrrVPZzDYjOt4k20WamiNr5CjJKazhFbPl36WWR1QjisqzansLAHD5JCjpiUOTODuec_HAUqziG--IQu9-QD00MHIee-5yBl7y-V295AXd9OmbSTfCHT4POPSzuaXzIUQYTX30tfEswYuIGa6M56paQkjD3BerMX99a5Ff7JUh984T6sABKMKY0C8mYeO0jrjsbeQ8SlTzKYcUbAYfGRvf0bWCls=/file-20210831-21-hm7fna.jpg,Why surfing is an antidote to the relentless march of capitalism
24,surfing_25,https://www.nytimes.com/2020/03/06/sports/olympics/surfing-olympics-teahupoo-tahiti.html,https://msp.c.yimg.jp/images/v2/FUTi93tXq405grZVGgDqG_u9Cwza-WIavZgx6-LyxlMHWub1kxn61V0ZJ5e85eHO8nMHdOBtJdiBbBa13Dk61_na0cTNOzBggxCbBuHn_4nCaieRg0Jfb0BZ09vqNQ_91JF5gsQVtQ9d687mk68f49XtDZjcLFgP4ieg9W4MGToFyTWOlK6o66SDKsL2JoAxRpXI8zagw7M7s6pqkyURoD3HZ3TneLrKqz_4LidfYnmZxyufeef55LtbH7OA3LmhXAEpX-XZ0EUF7tk4cxGt3Wgo-CwB-aEce_j7zIZDy6LD3RsE_xubKTzza4DTzJzbSBQrEhEH-3GHwGcwy_y1GuaVOn4NPRPVIkiHNX21n6A=/06tahiti-surfWEB1-videoSixteenByNineJumbo1600.jpg,"For Paris Olympics, Surfing Will Head to Tahiti's 'Wall of ..."
25,surfing_26,https://www.namotuislandfiji.com/experience/surfing/,https://msp.c.yimg.jp/images/v2/FUTi93tXq405grZVGgDqGxTNAv8a95dT59_Gw42jMwJWt6-zZzmP6YhUc767RV9y9RxveRTCQBWTnue0EbUy-INUxo0sNP_yHRSY7WXrynEGr8q_T3Yxrof8urtD2WZ9mvbGJIsymcR2iP3IlygQkYZZn7pGv-ZqfiDCzOlcHcdeQCJBebn62rzScXBE0l1UMmZzRHYjrWEhlKIFHNRX7zK6ORpzPf7OFpD40n_M3-zLRyATXASUlp41zBDZjaDk8KvS2Bo2gS_C24fGfopKI83L7DRh0nB_8-L4fRrn_4pBX5kIj80cwBkhISd8pUj2L7dZRt24jemJa5TdVgkkxvKOs0HD2JdbiAMZL40A1VI=/surfing-on-surf-break-at-nomotu-island-fiji-01.jpg,Surfing | Namotu Island Fiji
26,surfing_27,https://www.amazon.com/She-Surf-Rise-Female-Surfing/dp/3899559983,https://msp.c.yimg.jp/images/v2/FUTi93tXq405grZVGgDqG1CROubRnqp0a8lc9vDDS-lAY7AB0-ZjPxi7Xye_xu0wm9U4TgWke3wHS2oRWPNFsjlBResOHkVoNvlLiE-FIGvszzCbZENTza-YgU3U-_hFhWxamlc3fUVQpg9OVjrz7RQx0V7tfujTsouQqq-Jg-IaTtnWiVFvMmePQRje8cZjYNIVTKAAlGLxi7L9yKNqvDiBoLfRBnQDw_2H44CiSBAIB25a2QrVN6eAjUc7LrKmLeECtHGAhpfzYvUEOXaPPQ==/91kcQ6pWRfL.jpg,"Amazon - She Surf: The Rise of Female Surfing: Hill, Lauren ..."
27,surfing_28,https://www.ourstate.com/our-state-knows-best-surfing/,https://msp.c.yimg.jp/images/v2/FUTi93tXq405grZVGgDqG7m4n80pAnPnTu_WNP7Yl36bG6ovhKFMMJMGXakz4NBXiC-efUitQH7sCODlR7vRwqQVs-dWUw2OuKGu_UCHVSlTByBgnjqYehuL0b56Yt3Ed0XRgvS1dkUzsTp1yDMALIBChlLTJjw6LO2QPrAUJkOmnhB4skm__wUKy4a7PA8XoPAu1aivy-X05EsU8j9_eHeKpyvIp45IxttVDNdHytJqtq5AxQaR-CbLlqKYlXHP8Y8eLUOdawKuV7moyBLRVB7eNKD21MNuuTamcergqzXyjrNBw9iXW4gDGS-NANVS/JUN21-Surfing-Sunset2.jpg,Our State Knows Best: Surfing | Our State
28,surfing_29,https://www.theatlantic.com/family/archive/2021/06/friendship-surfing-solitary-sport-builds-rich-community/619177/,https://msp.c.yimg.jp/images/v2/FUTi93tXq405grZVGgDqG8M0YW6XLIOlCkAoOaKI19fNGOKRkkD7AYLPT_9yGRD2QOlKYndh2JOerI-keNXuzKirtxl6RDBrIy2Nrtzajl0agHgEF48fvzj9cZYi201ds4ZCBvSVRq8JBznZjhb_B-ljmNEgF2CfKUi8kHwvQ4JV35wueCJ8Luu_45FoMu5IEhvsWWCDthWB0JK4rKxyb-Ej0W3-qK_428FZvR7Z8lFGlcjzNqDDszuzqmqTJRGgPcdndOd4usqrP_guJ19ieZnHK5955_nku1sfs4DcuaFcASlf5dnQRQXu2ThzEa3dgN9bllKkx5vSYfIRdsG4meGNUYjgmWG-zhXdZT5YkVwmOwT1DIwPY-9nJRVE2PBIzjwyODXf0NK4v-B81KnjVQ==/original.jpg,Surfing: A Solitary Sport That Builds a Rich Community - The ...
29,surfing_30,https://www.cntraveller.com/gallery/best-surfing-holidays-for-beginners,https://msp.c.yimg.jp/images/v2/FUTi93tXq405grZVGgDqG9LrhHNYVOHSeyztt9ZH9BBir04qs2ZK6x3QsZ-pwPFAhdOnZ7xHBMP45taQe9d2VYG-MytzJS599A6fZ7JDIP3sOsmZqvDKU4SGlcBxe-jqg-cQX-j9UUep6bwkrvYAG8iE3BwXy2j9q2o9mRemlUFaG4kMmHLoUOQmhnpQ1bV8rauURM00C-hOcFVusiT0YdP-yQFe_kzn2qN9qNHVRayzGKSzwnZhCmftqn9DGIAQG8pgz_o3dZCVpNCBO_2leEaVyPM2oMOzO7OqapMlEaA9x2d053i6yqs_-C4nX2J5mccrn3nn-eS7Wx-zgNy5oVwBKV_l2dBFBe7ZOHMRrd3DyHlTB_X4-2AqekNdkBFomA2jNku-4q3LCKEEu7woXaLdR6CW1iipxs5p3MuBKjEJ4KW7GSmV_B7Uo2zYyWOW/surfing-at-tropicsurf-four-seasons-kuda-huraa-maldives-conde-nast-traveller-14june16-pr.jpg,The best surfing holidays for beginners | CN Traveller
30,surfing_31,https://www.lapointcamps.com/blog/how-to-read-surf-forecast/,https://msp.c.yimg.jp/images/v2/FUTi93tXq405grZVGgDqG2sIYbA4XtS6f1UnRwCgup0g8snsmkpZsClQgXmxlN781EfUF6f8B9rlbVF8vcB0Dq7hn4tTwmPNe62ZchPEg_e7pFgGNa5PiAljN80gaYefhsJ3h4exuexGYXdyGtmZpwjT2Nbmo8F2yenjzl-jPs2wRVEk9dgsjhFOtJ6YOT39h9K-m__dnj29X9A0VhzpkqhwIBGY1oqCCG_0gVTlReITzyqeTYCfWQzb1vq7pJ4_qbycofxgSW0GumMQ521lkYBChlLTJjw6LO2QPrAUJkOmnhB4skm__wUKy4a7PA8XoPAu1aivy-X05EsU8j9_eBIxNls2SuoGRroAeTNYlbRjvmI4Pi-1F-1MXsscqYq9MFdTPHqUQdFmcI_zDtTZWaESa5UX8_IEfAyW4s1hHEKDZNRaifXhNCs_BugWVA5o/surfer_on_beach.jpg,How to Read Surf Forecast & What Makes It a Great Day to ...
31,surfing_32,https://surfmuseum.org/,https://msp.c.yimg.jp/images/v2/FUTi93tXq405grZVGgDqGwYTM2HC4lFhzqdnKT4HvD89UyySt-2Ppfiwon9x8gl9q3ey490QjMMuaR0711Mn9NMG_wOqb2Ft5EXDL8EvYmFP-sR1qr9sL33SwY6MfEesRfZ7-hEYZT0ozDnBAQjKJiCB-F5PdVm9BBdSVKnteicVbyoKD0lxwQMCRbuqBNrKgCA4RGaid3itx7yOlGmFKauWD8Jm637V5HDHj2kVN_niT94bNbgCA8RRieZtCwS7len9iMJtq2dectmTrZIfXxVCoo-fw4wMCIGB3iWB-S30ajviIEKePdFR0NtIB5Eb/surf-museum-bethany-hamilton-exhibit.jpg,Home - California Surf Museum
32,surfing_33,https://www.muchbetteradventures.com/magazine/surfing-tips-beginner-guide/,https://msp.c.yimg.jp/images/v2/FUTi93tXq405grZVGgDqG6-VF8v2nbzTdBTJ0XsMLdSkKf1SKzrVacrlyH2WsPG_tQT2ucv7VOkRAv6QX3A0-fBJPTt_4TDF-ucn4J133dRzq5zj8WEkZE7CPQouYL18x28QGF3DkU5BoLkM64Dja9-6f85SjmV4yiZmPeRPwzCFeHCaPklGigea366kRmbLXkAiQXm5-tq80nFwRNJdVDJmc0R2I61hIZSiBRzUV-8yujkacz3-zhaQ-NJ_zN_sy0cgE1wElJaeNcwQ2Y2g5AJ63dBF58QmbRJKeupWak23dkx6nnV4pBG1tjEUb4QasxtEk8-1hsB1MtCEOOAJwO2YxDINKmXSV6KefCVEC8yM9PpHSoUytbxswQu3_MFA/mohsen-ben-cheikh-3B3CRKnJBMo-unsplash-1.jpg,Surfing Guide | 6 Awesome Tips for Beginner Surfers
33,surfing_34,https://www.wfla.com/sports/olympics/how-to-watch-surfing-at-the-tokyo-olympics/,https://msp.c.yimg.jp/images/v2/FUTi93tXq405grZVGgDqG28IZzbqzS18MesE-_e0n2gP-exZ-24UX98A_XultMjYJIxP07_HV-S-SSQMrVdt2J2sYN84QvlGmnowsevpxBvQGRgDwYeU9L_efEjDsLjsaGLcY0UHKzCqMuK5xh2_d6cZOk3bg_pji5PjErLFEWa5lp4ZGKBw0V9Sep_-6o3tcl7O45TeZag4wH7o-xonh9kVfsUegLSKbRvIxE9Lgrcxk-CIjYp3iVXyJpHROyT-cpY_AvbhPjFS4qqBmOsc0SJW4fH33ONOgc1IZT7hh85AdBiq-O4u8m9nNP3e7g2C/carissa-moore-surfing.jpg,How to watch surfing at the Tokyo Olympics | WFLA
34,surfing_35,https://www.rapturecamps.com/blog/top-10-surfing-destinations-in-the-world/,https://msp.c.yimg.jp/images/v2/FUTi93tXq405grZVGgDqG2UdDERWiHUgXekQ-IA7Hp4Gn_D44o2SAcLwfnJMAkzc_ZfJgRj42T-IrF_of1DvYZsbqi-EoUwwkwZdqTPg0FeIL559SK1AfuwI4OVHu9HCmQQ2-2mXRp2AleCcR-4Loqht-T3_vYRcwKHnUNeeBc00Fd_1Te31OblYGFnrOaTPjBBSva49GOyy8gqnSXM2Hlxo9GdzNlmSFvpib3ht_39WBhYR-kakwv6tXhUZOSSNL6_-q_j_Il6wljVgYr7oraIO-mMcH2otASgw_dwfulPpAS_uqYEgSYid43QH-hl0RQpd7Z9X_MOgi-nKwLnekZ350dthzmu7SjdU73afk40=/Rapturecamps-2017-03-20-1243.jpg,Top 10 surfing destinations in the world - Rapture Surfcamps
35,surfing_36,https://collectionsofwaikiki.com/history-of-surfing/,https://msp.c.yimg.jp/images/v2/FUTi93tXq405grZVGgDqG5muhwUenEKmV-v0zDFNXZOF8m9wgnYTw2oh497mX6DL9RxveRTCQBWTnue0EbUy-MIqgcNO_ZogS1iUaXGQs2EtZHa4P4P5p26GRP5LdiOsE51Fwo4zpzfQTwgi_1Jvga8MWjCCVbf87Id4TWEuddShWGtzA4eT4JzrGIKF4gAKzyUFX3tJ_2FbORSufDRAFqFwLUoBlfpck-lOmldj_8YM_QD1P-o7YPgFUjfn8uOxhnWmXubTvre98eEiK-VQgvwB9wELaDaRgh2y19A-t4o6UkhS3bjcUI__Z5DWhTtrQGjaJ_p-7s8c-wKs2StRhhTQQbzQ0p4caWkyaSELo94=/history-of-surfing-and-its-origin-header-1024x576.png,The History of Surfing and Its Origin | Collections of Waikiki
36,surfing_37,https://oregonisforadventure.com/surfing-in-oregon/,https://msp.c.yimg.jp/images/v2/FUTi93tXq405grZVGgDqGxKnii5AeBsec4FBDVsS-2K9TQFOYVuHQDU12IqCPGp39RxveRTCQBWTnue0EbUy-DgRMsARelbdFyiIlL-ngd2Z6cpGHI95hggRqk66AydiDT7DjUOmCnFDcoh1X1asYywBw-SQo6YlDkzg7nnPxwFKs4hvviELvfkA9NDByHnvucgZe8vldveQF3fTpm0k3wh0-Dzj0s7ml8yFEGE199Krqk1ixBQJYfYOQT1dQ9V56d7RFjG_g_B1nnXUc85d75Kw3kG5tVlMXQMqEnAUZZl9R0KtB0guK40oS2wdoB3X/surf-in-oregon.jpg.webp,9 Epic Beaches for Surfing in Oregon‚ÄîBeginner To Experienced!
37,surfing_38,https://www.wgbh.org/news/lifestyle/2022/02/21/watch-winter-surfing-our-new-short-documentary-on-new-englands-best-kept-secret,https://msp.c.yimg.jp/images/v2/FUTi93tXq405grZVGgDqG0JXngHDFzuJ1Bfs-50j-PrqTwts4IQ4ypkJJFiQlhdEKJ2-wErzwU9rDkH3dECYRTpk_4qCpPp90urUjzhky6p845yYO76WiWNIssLYQxP6l34dKZuZhBdMudqP7mSwjCrA0pP6PKVKG7CpwMY8R4UziHyBnxODaS-6PWDeTbQ73unoC3XaPYkF7Nn_lqpg3NeZXiDNfrAVg7Tl5fVZzaTs4Vvk9fGiAHbmegb2ohy6RjZzW5bwursxA3GTx_rSebUhYufD1ffh4XwNk2dV8XoVS9wICetgYKvsVrqwoUlLwnVfKY2CZuS3owZ2F4RZfYAPcvTmL5DeAPbibRtq83detUhoiMewpJYIpEBS4G3_Lc-XnLL6OkepsajHMkjcNlP0hhOKE0WV02xp8COfSD8pG5KoyrMAI7gVWIkYk5LOlc7mt3ODI6AwMJ4Aoiv-l1hVdNPn8GJF1JZ-hY_3Kcil_RfYpe3EIXfs-jFyrZflsBL-DKT0ndsps8KYm_sMKTdRp7lUVhI6UmHmVlMmpuR7f-sJcOkYJJj070UGfBhR9YDOB6c2a-Hqv-4fKc71sg==/70,"Watch 'Winter Surfing,' our new short documentary on New ..."
38,surfing_39,https://clubofthewaves.com/feature/big-wave-surfers/,https://msp.c.yimg.jp/images/v2/FUTi93tXq405grZVGgDqGxl7DuY7xROxThAia5sivk5aEnnJdwT9QfuupE1_dKXbrTRRd5M2GWG8qsgI6z83ZXDSEMSNNYsQBtzHd5A7XVteQCJBebn62rzScXBE0l1UMmZzRHYjrWEhlKIFHNRX7zK6ORpzPf7OFpD40n_M3-zLRyATXASUlp41zBDZjaDkEyDcYpjxAKQD949dGFY5NIAPRwU-C8wGgh66xzZHuwTt5qqQxAiwSxQ8lV-9FB7e2u_PVyyYZUyHijpKRn7lwoz0-kdKhTK1vGzBC7f8wUA=/big-wave-surfers.jpg,Big wave surfers | Club of the Waves
39,surfing_40,https://www.newyorker.com/culture/culture-desk/surfing-in-the-age-of-the-surfing-selfie,https://msp.c.yimg.jp/images/v2/FUTi93tXq405grZVGgDqGzesCsDdsI2ytdTRJZLwwiUexpt8CBZ2XM6x-fXh9MklvkuRSf7M_Y9FfE1P6gAd84XKx5g2n54sKsHAM9pPjPHWsfkWyAao7JWZbma7MdKLgE7AxyzIFch7IYYSitwqjTjt-W7Q27ob_70QNtJELzfz8bfcsZbrmsPgYm1kBZwVpxk6TduD-mOLk-MSssURZrmWnhkYoHDRX1J6n_7qje1yXs7jlN5lqDjAfuj7GieH2RV-xR6AtIptG8jET0uCt_UlXuq5Bo4HnQ6QuHGoPGNJOYGzp4YMJSykcpySzFo9uYpA7NXxRrHAm7vKi6aqM8gp7cKMtr6VfH6euTqTTlI=/Brisick-Surfing-Selfie.jpg,Surfing in the Age of the Omnipresent Camera | The New Yorker
40,surfing_41,https://www.visitvirginiabeach.com/explore/on-the-water/surfing/,https://msp.c.yimg.jp/images/v2/tpvPBYOX1wpNVI1UoNSgEov1pKlwFscJZKXQSlB0Hz2iMss6jayXzM-mRdIl4fXMaV77RRqxPK_SOEeRJJhXIbKY8m1le1CUDvukNRW6LBSNQ4dS3hJs6lSzMIbQMxUmI3Iaz2V595-09FyenxnV6pTnJLkhXu3Y0m56RqMieD1Y1RblMUKElGIb4Z-Y2nmdoQQpAtyBYbLKHl7TlsU--UHsvvFP0E2TjaRHJ59UCYbBMoPYG-HUNRZF1x8CDzGsy-Ij8CrYkQpp5pB2_lheaIH_QYZecdTV2ByUR4HWSc58sZv5YCy3kfPXOGaVQYTdpThWZLWN9KnTsWEjmP71XiIRQHUsWHrkK2E43X9REDdloQcUFFIv9YY03LvbmSuaEVUKud4Elb9dKFluuAwCew==/144_3_3742_jpeg_7974545f-dc3b-4020-ba28-8027f45fffe3.jpg,"Surf Events, Forecasts, Shops & Rentals in Virginia Beach"
41,surfing_42,https://wavegarden.com/,https://msp.c.yimg.jp/images/v2/FUTi93tXq405grZVGgDqG1g26KrgD9re-tHNqmMb0_K0o-oAEopDfLn5Y_N3oVi2HRX8hdk5Q9c62vmqphCIyltxw160PlP-Lox3jpUKNQT1e8OBfAAWMpdLemSfNCb5rtvQGdN0sJvM-MC0TacXuA2Ycm_Zx_TOBZLXvYlpOYV-rdmS-JDkd7d-jpzP83NdW6_jbg88XEihTIgky8gaP8V4Q52ebC2Q-selDGSKVqjXjEpFpXZcO83XsfqbCSFE35TZQnqwgYuaE7mz0V1hcPWAzgenNmvh6r_uHynO9bI=/IMG_0119-1.jpg,Wavegarden
42,surfing_43,https://www.theguardian.com/sport/2022/apr/14/australian-mick-fanning-defeats-world-no-1-in-surfing-return-at-bells-beach,https://msp.c.yimg.jp/images/v2/FUTi93tXq405grZVGgDqG15QdydpMn5RuqR-rJci3NDl2pMxky-NTf96RizU5E3I_cl88OoT3vAcsyqbx0nxfLbSxoZqcBPD2DDkXlMjwyBxFMwT31zKcSevkosR3XNcT5ci6IgfxOI9vNa1Ecsc-CnpoPhHtAPwzaP4TIVP95xNWNznM2kUqrpiATxRyHDHqVcrvyn0lveas47fDmgBmp-UnUGXaaOegTATn6QtxTG9_vZQOg5Mn-_8fdzJlLGW8e7aH358cyNAo0eyaVUBVnAoUjH-g3udJKVjlWgqBtxzSkLN2QkyyW3iLuUtPiQtl-njt-bf89qBI55jZGEsq4VsWppXN31FUKYPTlY68-0UMdFe7X7o07KLkKqviYPiGk7Z1olRbzJnj0EY3vHGYxK7v9BnVGd4bd7mbxvmVJDH9-LM7t44ivl5iqmzlaMGYPCMqVqicfwmrOmPgX-QRtK-HARNUe6QL2aZQhtknv8=/1268.jpg,Australian Mick Fanning defeats world No 1 in surfing return ...
43,surfing_44,https://www.stokedfortravel.com/the-art-of-surfing-surf-coaching/,https://msp.c.yimg.jp/images/v2/FUTi93tXq405grZVGgDqG871CoyhJnhL4Fc6iZ92oIpGB6fPN_yLDLu_Dzcr5Sn-iR8iq4CX0FbX4WS8DxfFNFNQYbGNTYsuFXEfhX1mGhgSiHH3cA5kF8LbAnnmsl5-DcnQ1X-KVQ7Uvu7gbMbkDqAQkYxOiY8jNEpEkBXcxRmkKkEe0OTtkbkVia0442F3r2Hpx3uIYc4tOYc3kfE1k1F-mYMHnL4uMLovGMFPQAF3RdGC9LV2RTOxOnXIMwAsgEKGUtMmPDos7ZA-sBQmQ6aeEHiySb__BQrLhrs8Dxeg8C7VqK_L5fTkSxTyP394fuEU6M9y8VBcVa1cF_nMkAVhlHKemJXQWfXRtIEog2voJcHZXL8T4bxh9JeamokdVFlWyFaR8qtcASJ0hO_gvINk1FqJ9eE0Kz8G6BZUDmg=/surf-coaching-the-art-of-surfing-review-online-surf-coaching-improve-your-surfing-surf-lessons.jpg,The Art Of Surfing - Professional Surf Coaching From Your ...
44,surfing_45,https://forevervacation.com/the-vacationer/top-5-beaches-for-surfing-in-bali,https://msp.c.yimg.jp/images/v2/FUTi93tXq405grZVGgDqGzByUtZZhdRCP1E6tSYTFqp_DR4pNrpvqA3kdaGD_1zD0KQLZbwIWNQtC7qVE1ECS2XlYBo9UGI9B3AUMc-VsBVc5yrPEcZrPVWOvtncYdnh-CQBw3mZZ2z1eeMTxUvnN8Eyg9gb4dQ1FkXXHwIPMazL4iPwKtiRCmnmkHb-WF5ogf9Bhl5x1NXYHJRHgdZJznyxm_lgLLeR89c4ZpVBhN3VyJ32HjH0l98QxWsBzbYk8SyrsV3bOgF3WXBtV3lZz9w9atC0vOg6SD8qKZQ-9CFvl3TcwdrqvCj1KO4XmXZg/1582707516_blog_bannr_34.jpg,Top 5 Beaches For Surfing In Bali | ForeverVacation
45,surfing_46,https://www.youtube.com/watch?v=ma67yOdMQfs,https://msp.c.yimg.jp/images/v2/FUTi93tXq405grZVGgDqGxuQACxqi0fkbGNWy3I1FNVTaRCsZAa1kHiR-yzhyDfSvRzAknP_Ie_IFNeNmEi47DMwqx4j6JcYDIcqw_MaPg6u29AZ03Swm8z4wLRNpxe4DZhyb9nH9M4Fkte9iWk5hX6t2ZL4kOR3t36OnM_zc11gfnGx2_nUqbFHqgS_D9TUGq96tfFmw1ddLgS0TVB1yGp8A4fV_N4sKHaCvBa1-TXfOnjEhmOuXSfuz7mqgXclFNBBvNDSnhxpaTJpIQuj3g==/maxresdefault.jpg,These Were The All-Time Surfing Moments Of The Year | Best ...
46,surfing_47,https://www.cntraveler.com/story/in-new-hampshire-winter-surfing-is-the-new-skiing,https://msp.c.yimg.jp/images/v2/FUTi93tXq405grZVGgDqG9LrhHNYVOHSeyztt9ZH9BCOzL3gpX07vKLn1ycOoCwPgR75MbGO1XnePf1S_LFAUyH2ZgsNhsHsbA_O3eR0xJI3X_TXkvcObwSZi-obfNdAyB7aPyyTHkq8qyhLXcwLfWINpxuud5j5HybfC06hsAgnHm4XhG_3HeMcLU7hSy7i10ZrzqrSMQ8-RtXUZq4ulNkXcXjgzI9DFusZbtQG6KlhTAQZbY7nAIIN_GtVyOCGLnN-Nag2ldjAnQyI4GrhOgxPvF4ZnLpHy2Fvhm5TdGHZTBSuuTVdESBxZjdvZPCuzyUFX3tJ_2FbORSufDRAFqFwLUoBlfpck-lOmldj_8YM_QD1P-o7YPgFUjfn8uOx2fn62KOG9FjXye8Hh0-JxkchAO56Acf72nGwkcgpdMmomKWyU-l5iqh09gbCjF90zTEPpHd8Rx44kP3fPL6Jg_lgoYPC1kMo7_ERdqAmTeY=/New20Hampshire20Surfing20_CREDIT_20Ralph20Fatello_Unknown-February-18-2016-photo-by-Ralph-Fatello.jpg,"In New Hampshire, Winter Surfing Is the New Skiing | Cond√© ..."
47,surfing_48,https://www.ft.com/content/6156f514-8ab0-4986-acda-15e44665e8a0,https://msp.c.yimg.jp/images/v2/FUTi93tXq405grZVGgDqGzzXUfAAAGLu7LiCNFRVvhu2STvtegaS0ZBFl53EkU9RY3w_vhTK8pIN_AxXFBz0ZGxYufJbPuKhKYwXCX_CrHgjDLB4agNKrQT4bxHGwPD6zgq8s6ggy-z665X-t_UJreES2NwVGrVKKb69R0UKTdHrEiixSEw7sfkPpstJAyJfCYtgFDab02QRe4ZDNUM9hr5fO5idRd1SvYxTK9nGGUvbLYdFX1V2rhj67Cb4gNXSIjywi8GOMfIXbc9c6VLa8Dzp3mBB4SJUA7drfrQRQ5h5E_yChDh79yKI2gCN2DpxBw0G855_gFwSPABoW1pwkAnVJCj-J63tFxD8TKysFihoTj5b248QHvoPxkP7eKfM7Gtgbm0UbmRUwAclc1WQOBRSNB-tLPcShOMIedBzlUvLTzW5lryUO7B1zLe9ExKG7mJljyK7sLmzuunhPvlaflaBz3tZTvHHw_WnNtHWuvKhnDPigWmh9WbDBVzJRcmm6lwxafBKVAkho0Il0ldYdQ==/c4a6b034-3613-48c9-a998-ad1f8b7386c3.jpg,Surf's up at the auction house | Financial Times
48,surfing_49,https://wonderopolis.org/wonder/have-you-ever-tried-surfing,https://msp.c.yimg.jp/images/v2/FUTi93tXq405grZVGgDqG1DjZ9ukhmA4CNqDPhnIhCwMvsPooS970gyuivM2Z2HWD_nsWftuFF_fAP17pbTI2Oup0dk9zt43R_sC9_0lwRN_EU6FDN5c1SUxhn_HLODGBo1wPzCYKZ0rZRINFizJRi3mdFTjdTxo8POyFx_VKa1GlcjzNqDDszuzqmqTJRGgPcdndOd4usqrP_guJ19ieZnHK5955_nku1sfs4DcuaFcASlf5dnQRQXu2ThzEa3dH-16cR3Y9tFhDb7XZe4u1uDGqm13T8yayyC66Mv0EHjym-jViFjffC_9LW9VQI1kDs7Mt2zKSkxnQn0VE2qGTA==/thumb_720_450_dreamstime_xl_108724826.jpg,Have You Ever Tried Surfing? | Wonderopolis
49,surfing_50,https://isasurf.org/become-a-member/,https://msp.c.yimg.jp/images/v2/tpvPBYOX1wpNVI1UoNSgEqQl2TWLRaKpoN7OXrAmxO0QiiVXvDtfRLGDrYGK6WfczA_YxIZQmjuaRyfpKXdRxHqxhjZY7e3jUg_93etjNUfjFypuzBGncTCZ7SwegV2QLAHD5JCjpiUOTODuec_HAUqziG--IQu9-QD00MHIee-5yBl7y-V295AXd9OmbSTfCHT4POPSzuaXzIUQYTX30gz0zf_rebJxWM-ilBgwlrL5rBYnVc2uPcGPkdAhdzS4awAfzjYxWhbOKpgUneAeLh2OxdqowS4cFAjbas3CHg4=/CNSSsm-176-scaled.jpg,Become a Member ‚Äî International Surfing Association
50,surfing_51,https://surfd.com/2022/03/barton-lynch-pro-surfing-2022-coming-to-xbox-steam%EF%BF%BC/,https://msp.c.yimg.jp/images/v2/FUTi93tXq405grZVGgDqG-PRFWMZUJyWF5Pw2QMDGGXLiJlOV258tTKjNtwKxI1RLCVFG9Nn9Xz2KhxzcsnpV1X5W8QeK6rpHJ_P1B7XFgHQCnWosK4VRr6ObkTB7xczpxk6TduD-mOLk-MSssURZrmWnhkYoHDRX1J6n_7qje1yXs7jlN5lqDjAfuj7GieH2RV-xR6AtIptG8jET0uCt4YRqT7JuqxePLoueLwFBHt3dWQeccl32-CxV4mQEbAY2_KKHFKbe7IxLP8ty6-k7jh2yTPgJKgJi-sMZcxyuJg=/BL-Pro-Surfing-2022-1.jpg,Barton Lynch Pro Surfing 2022 coming to Xbox & SteamÔøº - Surfd
51,surfing_52,https://urbanoutdoors.com/surfing-quotes-captions/,https://msp.c.yimg.jp/images/v2/FUTi93tXq405grZVGgDqG-JjhYnW2Ig_oz_YsKGQmCgaOyuGFongc8Hm7mQ6ljIyuVv03SPQEpgWLg4LRwZmZxZE9QmcSmXJmfescNf5B9s6hG7Kn5-Gp7XZl5nAwWdl7M8wm2RDU82vmIFN1Pv4RYVsWppXN31FUKYPTlY68-0UMdFe7X7o07KLkKqviYPiGk7Z1olRbzJnj0EY3vHGY5BgKkKtllv53-3sa549mxzavhihdRry-_T1QRcgKotU1__fQPP967kXi3oE0HDpC53t0CWUWX0FKsqwee4tTBWDZNRaifXhNCs_BugWVA5o/surfer-gifts-scaled.jpg,55 Best Surfing Quotes & Captions to Inspire You to Ride the ...
52,surfing_53,https://www.surfcityusa.com/things-to-do/activities/surfing/,https://msp.c.yimg.jp/images/v2/tpvPBYOX1wpNVI1UoNSgEov1pKlwFscJZKXQSlB0Hz2iMss6jayXzM-mRdIl4fXMaV77RRqxPK_SOEeRJJhXIQbFuJ1u1CnKYYPF0qHMUeZqY0lsQcXOh35-yvgNIMsC2vhijxb-Cnh_T9mxA7v3ryLte5Ad7AyiZSAfT7KmXVDTv1htgsX9IUV-eS87i5oAAsXyerDPQ2V0_BVbNpHC6F5AIkF5ufravNJxcETSXVQyZnNEdiOtYSGUogUc1FfvMro5GnM9_s4WkPjSf8zf7MtHIBNcBJSWnjXMENmNoOTgGvK6Pf7B5-lL9Ya25Wg6AVeySSbUzUL5HtizlssCtDGGQ_zjcE33qi0XReBuMvOxjSbUVvUORJlX6Y4cFOELjPT6R0qFMrW8bMELt_zBQA==/Patrick_Griley__c0c9bed7-0a81-416c-9383-0dff08d8cc15.jpg,"Surfing in Huntington Beach | Surf Lessons, Gear Rentals ..."
53,surfing_54,https://www.flypgs.com/en/extreme-sports/surfing,https://msp.c.yimg.jp/images/v2/FUTi93tXq405grZVGgDqG8FqD66d9ZJNI0ZCQwJMCQ0x577YFFkaM9AHIWU3UFCbPM5A5i-d1n9Tz9dn__VuCUZhU0Q9IRf2qVugrd_QVeuve6L0VyoQ3SrhqxBrdRw6PpWmPWadUiVt435p8S-NCa7b0BnTdLCbzPjAtE2nF7gNmHJv2cf0zgWS172JaTmFfq3ZkviQ5He3fo6cz_NzXeNv7uHz2JrBN4KctPonVcr5OM9mjRFSZYYqJN2TqXj8po2EXdYhfbhMyGDpcCYXhdrf9rdagpnNQfzhE2g_BU71gM4HpzZr4eq_7h8pzvWy/surf-nedir.jpg,Everything You Need to Know About Surfing | Pegasus Airlines
54,surfing_55,https://www.surfer.com/features/the-5-most-pivotal-moments-of-the-decade-in-womens-surfing/,https://msp.c.yimg.jp/images/v2/FUTi93tXq405grZVGgDqGyzyqbokW9vXRXeptB2iR3tsYqk2lAPTvxoeXgR7GjBlCNxkwo3Mh9y6kDnnqA12buW_VBvnIXBnByZ2oMXG8N3QRawoZRanX4lqJNWHFgD2jyPR8u8b_hUJWSfXURFEap5QR-TSnvIA8ELX1F5RJ7b2-1aH670-u0cTMmU1KTk4m6zjfJSTfzinRmyljD9TjXiYH0yZ-gGFzrQkcEZl5fv5WUqUABp88WsBsprNKttHoeWXhIIlwTtjVR0XURJaEu7Zf7CAQH8j_BacED6cwarXOYIUdSJon_qvos6-ZNihNQFo_IsMwFdLhVG-8M_-8TpchB5Ul2pOPOQxD8QVWv4=/laura.jpg,The 5 Most Pivotal Moments of the Decade in Women's Surfing ...
55,surfing_56,https://www.sheboyganpress.com/story/life/2021/12/20/sheboygan-known-malibu-midwest-surfing-williams-lake-michigan-freshwater/8814284002/,https://msp.c.yimg.jp/images/v2/FUTi93tXq405grZVGgDqG_YuLuFr-p25TughaLxbgp8QETwItNtbBtPjK4EKROgrlg7UVCNH4bpPjLuYGdC2ez0KswgDC2h5j8r-mHNAdubAPpTJDLf9O8BU8LFg2BCoVIAaWC_7cshukxenQ9kdz9HMG-oQgyIrH6jQ6dUuejTRsZFVOd__gnhzH_d43bojEY90cPNDKa-LgkeA_0rIWdtrLFFlr7Vc-z7lMjuHD7ZTNHrRRUyFyt2vcCjwi1PAcFFnQhNA4X-keNKHHXUgG5g2_bD-y5jeZo5H-0EzW-mr2Sswyjxv4_JIkzqVrBeTjBBSva49GOyy8gqnSXM2Hlxo9GdzNlmSFvpib3ht_39WBhYR-kakwv6tXhUZOSSNL6_-q_j_Il6wljVgYr7orc9g5op6n6iqwX89tyLoE5EVWVOVEntIbte3WlRa9o0vssIHiT0g8oxFWbpxGmCWnE3Y_nLb7AJyDHFNZAPwi14=/c04bc2cb-f1b1-45cb-9b8c-4073c503d37a-SHE_121621_Surfing_gck-01.JPG,Sheboygan known as the Malibu of the Midwest for Lake ...
56,surfing_57,https://rnli.org/safety/choose-your-activity/surfing,https://msp.c.yimg.jp/images/v2/FUTi93tXq405grZVGgDqGwEU_E1imat_8llQRCeps6UCCPNguaK3tgX4WEoMThbvmC9jRkE3EMKSbRqcQjz3Ka5Js0W4Ww798-ZeFkfpIWSd9do9_PcPnX0O4lgkbINT9aVNq7W8_savuBskevaw_gEsAILY_D4jD-SVXBq313FIsnWGuUnGuC_NIl8ffk26aqtzY7-7o-3LIg4NufxfxvT5TQz8CpjThiJx_sCXdxIRGGDhQvIIn4JMI2n5JsP_5R9_2_m35RFtR4QB8PGFsCHdawYxZCqIBTClBfGRgpRmM0yWAJ7aUUHDSjtb5UnvhWxamlc3fUVQpg9OVjrz7RQx0V7tfujTsouQqq-Jg-IaTtnWiVFvMmePQRje8cZj5H3fV5rq_hzAknPEv36wMssDxVDtqasI80RJrGjFxZht3BIBEqmOJ68sRC3h4a_l-kP_kMcQlwn9S3iR6dGy-A==/36725-surfer-at-boscombe-beach-nathan-williams-16x9.jpg,Surfing - RNLI Tips And Advice On How To Surf Safely
57,surfing_58,https://www.redbull.com/us-en/tags/surfing,https://msp.c.yimg.jp/images/v2/FUTi93tXq405grZVGgDqG1d28YUsu12_DDHk7feEse_y5suVZ1rR1m-PcoYVHMzvr4kzd1-ldMGcdmWT89eUz6OivewFZhIQEVvLHjQDQSSoYKdtSTzmC51KkvW-INTqSWhMZFD6taBomtRG1UF49-Y9Awl0Lt1RjfdV29PzUmgTwZYF_rRZiAp42irZ7RXg4mRKudj1JUsUHy8xmyn4yqyoc0tF3F0zDa9VBMHLRR8BmNa0oZnXzPvd5EhXl0g7QM_v8r6bjwYFsSzGFI_exqJFV-TkZo_7YfPjkEHMVLdJmqee60O1o3lvIbAb3Xo-Cx-6nxu_oug89-LztW5LLM8lBV97Sf9hWzkUrnw0QBahcC1KAZX6XJPpTppXY__GDP0A9T_qO2D4BVI35_LjsUzY-uZ04qpKDoPmIy4TunJi-Uz22KZ_sFIjPio5-ghqDDDj3xOxxVQsCBnvF2SuoSVw1P4DaZRYLeLPLnSwbLQU0EG80NKeHGlpMmkhC6Pe/mikey-brennan-red-bull-cape-fear-2019-shipstern-bluff,Surfing | Red Bull - keep current on all things surfing
58,surfing_59,https://www.shape.com/fitness/clothes/best-surfing-swimsuits-surf-bikinis,https://msp.c.yimg.jp/images/v2/FUTi93tXq405grZVGgDqG0QzmsbbbA2_E9HzEeP_I3ai7Sr_5-zy5I_oCAle9HDVir8ZxwU-QW5KHeGZvD2KJiDcUAKMAOQ_FFSqXuGKCJfVpRU6FfYYMtA3DSQKCZSVmGVSsYuMZQ8XG1WsNi2gGAyY2kSD7unVGqyhEHQiYER0jqBzzral39blNikorq79zsMw-MMji_UoiAuj0XNj6ZuJEky41SO-6TmJSRD673c_DztylQEIDT1gM7vkBE5dbUoNapEKkIP9fNlvyNLXOycqkQVSKad_axLBGqVQmDg0ezkcc1UUjlrd3KD5DGnIBWzvjBiFLi2L4nLE-3ItZaif94yBBjNQmJHhA1yrl-2zTuUyeRqBFKmzuyI7sUa_IIH4Xk91Wb0EF1JUqe16JxVvKgoPSXHBAwJFu6oE2sqAIDhEZqJ3eK3HvI6UaYUpq5YPwmbrftXkcMePaRU3-fnWh00f2ZicrIEb89OKGMMXrWiZvRWLLQbA5bMI2SJUC73Zx_NwM0Zya5CzD-gW387wi5Yh7j3QwS_sf_ky_-0=/image,The Best Surfing Swimsuits and Surf Bikinis That'll Stand Up ...
59,surfing_60,https://www.centralamerica.com/experiencing/travel/best-surfing-in-central-america/,https://msp.c.yimg.jp/images/v2/FUTi93tXq405grZVGgDqG5BLx1v96bJwD6Was0r2IUgyj83UfZMayf_21KXSgC8BgcjldUyeQ0DxEyIJi9SXrKlvzceiNpK8mapLmSvCIqlcDs-ZYjHlJMxFj3cvGeKaRbGBG2YEd2YJMGvbl5OURLgxiFSbpdWHP-cRh3XgjlleQCJBebn62rzScXBE0l1UMmZzRHYjrWEhlKIFHNRX7zK6ORpzPf7OFpD40n_M3-zLRyATXASUlp41zBDZjaDkGqWVEXuug-OA7ysTkgp4zzJlNqbC4XGq8bzzmqRHGGlbNslOLy32fzlL1rUc-OGlVz8xEofM07TjMiGmJIX9W_KOs0HD2JdbiAMZL40A1VI=/best-surfing-in-central-america-featured-930x620.jpg,Where is the Best Surfing in Central America? | www ...
60,surfing_61,https://www.theguardian.com/sport/2022/may/26/isabella-nichols-i-was-bawling-my-eyes-out-i-was-going-to-quit-surfing,https://msp.c.yimg.jp/images/v2/FUTi93tXq405grZVGgDqG15QdydpMn5RuqR-rJci3NDl2pMxky-NTf96RizU5E3I51kR-mvCjBXgeQ1zsMXPr_yUXZMP73oJ0G5Pd53RqoWNto4aDryELrBrJdhwfMqYpbpbw9wGTyM8SpqxrBFI1fxDb5_E4jXI2KELts8cftrnqHhGnln-gFotytIEQFu3GwWfobMdahUIZeQrMg6cEa18nYQUcM7OG5z3D8mKaHSI8XPcVVjuQjz71qVwDTHHV3TFnvq6AMk43dxV3niYalkuqEGEJhuVk3QASq_wgT8QcbwUcMP-T_Gwnli1yeON8XpJFUiwn81vFiIu__54yf6M7eI3jAu3IdgPEpqqAGJOK6tGtIxl7D3ECeIUpqCfezd1rIcgSGdlK6Pl-2xm2_lunQdQ9p7bLWXjcy969uoidXJ6yyzBHuZ1NZRqCPVXTS3PhTiLlYQnxOYf9c9RzZdlR2RZTadRBNArDrne7nY=/6000.jpg,"Isabella Nichols: 'I was bawling my eyes out, I was going to ..."
61,surfing_62,https://www.outsideonline.com/health/training-performance/beginner-guide-surfing/,https://msp.c.yimg.jp/images/v2/FUTi93tXq405grZVGgDqG1pKdHhttNYvVPtfq68MZC5eLexhxP2XKQdTb35sTX6d5b9UG-chcGcHJnagxcbw3ff4irBE2AcZv_Q3uH3cq7zMp_dP8jpC37EaHkVTeGsbyl8krfzzB9fI0oiwo4il_qcZOk3bg_pji5PjErLFEWa5lp4ZGKBw0V9Sep_-6o3tcl7O45TeZag4wH7o-xonh9kVfsUegLSKbRvIxE9LgrfJE5Q9QMp607ep0AQOoj1cnQ0PTQQoqBQG_8SmLykH3UMrXAqX7B-IeJxkmYXtZpidiqQTY_j11SagzsOGkZeZ/woman-surfing-wave_h.jpg,A Beginner's Guide to Surfing - Outside Online
62,surfing_63,https://www.sportsnhobbies.org/what-is-surfing.htm,https://msp.c.yimg.jp/images/v2/FUTi93tXq405grZVGgDqG83AnbE2So8oBblT9mszPP9BbLv6kcwFSS4tCy9YIXAZIDzHFazjQtT0l4tJI6gxo7f2aXorppQQpsvU-VVJsoJouPJ0mi6xblhiBw1fGyXC7M8wm2RDU82vmIFN1Pv4RYVsWppXN31FUKYPTlY68-0UMdFe7X7o07KLkKqviYPiGk7Z1olRbzJnj0EY3vHGY7gCesZ2JM6AfAEOYLsfVd7slPvKfi60PXSUJ7tjCzuoPLp_ZYxGBaSToeKhNEc83FKVZbAnObIWvoyhoNCT7bA=/surfer-in-red-shirt-on-surf-board-on-the-water.jpg,What is Surfing? (with pictures)
63,surfing_64,https://www.cnn.com/travel/article/50-surf-spots/index.html,https://msp.c.yimg.jp/images/v2/tpvPBYOX1wpNVI1UoNSgEuM0SHnNwdtmQ4FnZffmEPZ16XqohQksoZrjjlTqydLybEurKJYCqHKYDkEA7gfYgHFa-6pfKAVPSnmciIaSB_kP7NbqwEb7KjODOlHs7-mL8XpJFUiwn81vFiIu__54yf6M7eI3jAu3IdgPEpqqAGJOK6tGtIxl7D3ECeIUpqCfezd1rIcgSGdlK6Pl-2xm26bLvhTW-ZCfZK-JsCj3Al-L9Cjd2LacrOnkvAefKGVb8Vvk5qBAAsocTPDXol50bSvSvzQ5N44BqvM_mRBe3Sc=/130624175338-50-surf-spots-wavepool.jpg,50 best surfing spots around the world | CNN Travel
64,surfing_65,https://www.canon-europe.com/pro/stories/ben-thouard-surfing-eos-1d-x-mark-iii/,https://msp.c.yimg.jp/images/v2/FUTi93tXq405grZVGgDqG0-m9PWNYy0Y8-dxjc-E-lIICwTF5pCvSrk6YC6G7yY25DzxPoMFvCM8-r3I_b5I2hQfkeQ9mOrHJxOOLO7lYoXEJkhJAPuTO6gw8eMaP7jIlT8DFuudymvxTbW7jlaZOqchci2Oxf2LnNoSU7HbaTvBMoPYG-HUNRZF1x8CDzGsy-Ij8CrYkQpp5pB2_lheaIH_QYZecdTV2ByUR4HWSc58sZv5YCy3kfPXOGaVQYTd8-2cZedMeZgOxWd9ZswAw3yhJQ7SFAsVYzfBZXoerPpLkyPdHxJGPDzO9or662rsMl52lnR_S1T8hshP0DAe1Q==/canon-pro-ben-thouard-surfing-eos-1d-x-mark-iii-1-1140x760,Shooting surfing action with the EOS-1D X Mark III - Canon ...
65,surfing_66,https://www.aljazeera.com/news/2021/3/20/a-surfing-revolution-indias-new-wave,https://msp.c.yimg.jp/images/v2/FUTi93tXq405grZVGgDqG8Bhxew4tJ_NZihpxsESIi8aOyuGFongc8Hm7mQ6ljIyuVv03SPQEpgWLg4LRwZmZ56UU4tFyauw7b6LleCqIpLVpoLxlftMHs09uFvps8eXGAk3rtwzHzdSH8KQUrzcYTq1EeYgzp37tSVlhaUZRw54Ka-JLwuUHSJrcIe3jj_SgEKGUtMmPDos7ZA-sBQmQ6aeEHiySb__BQrLhrs8Dxeg8C7VqK_L5fTkSxTyP394f2ce_-dbshvbg0znrsZ8lQsvo34yCbzbJtbjkudYH_MG492mC5qqHQyl2Hp9mOlcjTZhoqzaZpxGh9e7QjZ-g4Nk1FqJ9eE0Kz8G6BZUDmg=/jo_savagephotography-08427.jpg,How a surfing revolution is riding the wave in India | News ...
66,surfing_67,https://www.sandiegouniontribune.com/opinion/commentary/story/2021-07-09/opinion-surfing-competition-olympic-waves,https://msp.c.yimg.jp/images/v2/FUTi93tXq405grZVGgDqG_xY52frmHpVltX1Cgt8i22GeHLvVStyQKaiI7Z4mYi9jM1zloEy3OZhmkUUVJwsKWZkd6f5h24v9lGuXA-x6DnYb1UM7FxW9-kzubOqyyQCD2VKq49_UMQpHExeCveaiqPRjyCdFw6191KB3NmnY_uRIsF0CGwbvG6DyCH-50eH8_DyryoFVISFHKhrVW729rNQK3WyNW947_JmBKldhC4owtuMSw28o8LE8hwVNFo4ovMyJ_yQkbK3wyZIkNWwk-0qi8xcbguasI37qCeNb1cBvZQjJFV77iZ7fSiiLWMhpkBqT8IBOy23y3U9faIP8lxqNvi5QGtsRSHnB5DCF5q7RTvhhvF2JL3Xt4HKYZTAJ29fOetQIrpxWNM76q6uazKuF5FD8HrPpQ5Env1cylTXPBK0TZwHIgIoCY8edwqcLAHD5JCjpiUOTODuec_HAUqziG--IQu9-QD00MHIee-5yBl7y-V295AXd9OmbSTfCHT4POPSzuaXzIUQYTX30qebr5f0_9fpCLsMkeXGZsbjKvJvvcVhlzl31r-_WUw2kusS_8Hm6XWQ2GoxE9OZh9kPzFaV8RHy7JF_DuFx8dU=/90,"Opinion: Seeing surfing at the Olympics is exciting, but I ..."
67,surfing_68,https://www.nationalgeographic.co.uk/travel/2019/10/get-board-why-theres-never-been-better-time-take-surfing,https://msp.c.yimg.jp/images/v2/FUTi93tXq405grZVGgDqG6IC7QHkbNClHoWxEDnbjh8gnH73t-ro6I_1uY8fub2MEijpHDafyCt_0xQF2piOMujnkM3lAVVpD5LQqCIDaYJDXKa4YDuGey5G8e407sRXVnjvB6OYqhhdQV8nAEnZTZi8rDyeEeQh1tD04fhCcis3vWVvV7JO3bv6mxHyccMNIIH4Xk91Wb0EF1JUqe16JxVvKgoPSXHBAwJFu6oE2sqAIDhEZqJ3eK3HvI6UaYUpq5YPwmbrftXkcMePaRU3-UtX28AgxEKPuJzuHVpzfFUEB9UJGqhuY5TRSL9SOoWZWUofoFPaeyxtOneqb2gvELA104tOuk3gbR59_S51H_H3CrOg7nkzppWrSe0qv9Qp/ngts_gettyimages-932140464.jpg,Why a surfing trip should be your next health holiday ...
68,surfing_69,https://www.rapturecamps.com/blog/why-is-surfing-popular/,https://msp.c.yimg.jp/images/v2/FUTi93tXq405grZVGgDqG2UdDERWiHUgXekQ-IA7Hp4Gn_D44o2SAcLwfnJMAkzc_ZfJgRj42T-IrF_of1DvYZsbqi-EoUwwkwZdqTPg0FdKG16UBcYs58sAYkJtRZOoClVSZCAEEidtWqepazoqE73WfIHdqX9UKskFZfl7CEDxekkVSLCfzW8WIi7__njJ_ozt4jeMC7ch2A8SmqoAYk4rq0a0jGXsPcQJ4hSmoJ97N3WshyBIZ2Uro-X7bGbb9xf7D_YjAbpCEnBnn0E0lCPhU94qPXPkZk-p2zbMEeZoTvSx6FxfvHZQeyFyPiP_IHlB7JF8Bue9UuqvTZzEvg==/surfcamp-costa-rica.jpg,Why is surfing popular? Here's 25 reasons! - Rapture Surfcamps
69,surfing_70,https://www.scu.edu/illuminate/thought-leaders/phil-kesten/the-physics-of-surfing.html,https://msp.c.yimg.jp/images/v2/FUTi93tXq405grZVGgDqG-Eyq7zKSFR_B4iQLyUOSR4vOWVGizdZaDFb3eUdugxHT9Sc_HWne1igl_W3NCsdjd4yfrReOkXsmB5lETjQCsF4b5uuvXTiNhEPg-M0NqDmXkAiQXm5-tq80nFwRNJdVDJmc0R2I61hIZSiBRzUV-8yujkacz3-zhaQ-NJ_zN_sy0cgE1wElJaeNcwQ2Y2g5F1NTxlB3szJDSa-p9Bws4gt-I9pfY5Yhw6GpDrD9jeVFqksxRY75HOrDz9uCRa4h_VImEcYek8wizL__SaRyhLyjrNBw9iXW4gDGS-NANVS/australia-2499016_1280-1160x423.jpg,The Physics of Surfing - Phil Kesten - Thought Leaders ...
70,surfing_71,https://www.fourseasons.com/magazine/discover/top-surfing-destinations/,https://msp.c.yimg.jp/images/v2/FUTi93tXq405grZVGgDqG3TW0QITPPQ9Tqa5oHVTiuoMvsPooS970gyuivM2Z2HWEidVxkAlmOxeZi3d1ufXs4kfIquAl9BW1-FkvA8XxTR3BvCk46OVlfQDHcI8qz21HLfBhORO3NqAgSSLgmQQgezPMJtkQ1PNr5iBTdT7-EWFbFqaVzd9RVCmD05WOvPtFDHRXu1-6NOyi5Cqr4mD4hpO2daJUW8yZ49BGN7xxmNSXNEetaVARDZRIDNdalqMDrp5Vf8tjYBUqsLBzA4DYIrxuQ4FFwnEOpTGqVj2ytrpe62yFFOP3UPtB7ish6Y4/Surfing_HERO2.jpg,Top Surfing Destinations Around the World | Four Seasons
71,surfing_72,https://www.surfinglife.com.au/,https://msp.c.yimg.jp/images/v2/FUTi93tXq405grZVGgDqG4jrb06bxILbP8upDgoE8y4bXdgPmDLVRsjJ-d2hfaR5gcjldUyeQ0DxEyIJi9SXrNeppEtcH7vILYNCUCHm4A2DcbWQoJAe0cIfbf0ekjtB11gW1rbjdEDs3SUiGJduApus43yUk384p0ZspYw_U414mB9MmfoBhc60JHBGZeX7-VlKlAAafPFrAbKazSrbR6Hll4SCJcE7Y1UdF1ESWhJJ5aDeucaJlJxVIzPznG8mNfiUuC1-g5geLjTU8bKskYxcD5PkGiBGvW9y-hjKGKMm9wUoh_J8uuvekBymQ-oL/OFC_SL363_Flat-855x1024.jpg,Surfing Life ‚Ä¢ Australia's favourite surfing magazine
72,surfing_73,https://www.monsterenergy.com/sports/surfing,https://msp.c.yimg.jp/images/v2/FUTi93tXq405grZVGgDqG5ZEwMgHRtymnulQLri4xKJ-HG076x7rhZuDg6M-BbkttutPU624ptQnJFpJQREJklZCV9qCI_yTonVGnxgkOKz2peLJgP8wbuoPOYrv4Q2-Gn6SvG8aNxhhlNE2GLodhDYVa94nN3Oe4h0Drbljc5fQVJqkgUMp71-uGjGOj78hrxJyVdyCKnHvbXZo2u263-7AybUzwuy8sTu3SyzpzJEZkZ9pMPyAGVg5mMNaMprziaW1fudWCylr1C2dxc06Psg5xlcOrCVIaFCtge5FhGenGTpN24P6Y4uT4xKyxRFmuZaeGRigcNFfUnqf_uqN7XJezuOU3mWoOMB-6PsaJ4fZFX7FHoC0im0byMRPS4K3oHxhq66MUX30cm8OE9j5UAglJk6F7tJyj1FasgJkn9Sg8Ko7n0YjoTDDT7zRVbekKImCccq5UU-t3FRiwR3D5w==/7a6b38670bad6799f5da35692ae0375d.jpg,Surfing
73,surfing_74,https://www.rivieranayarit.com/activity/water/surfing/,https://msp.c.yimg.jp/images/v2/FUTi93tXq405grZVGgDqG6mU8lkqr8SRX4tNQ4gFUDxa6snM-vonGPYEZQCNRLwbgcjldUyeQ0DxEyIJi9SXrE-adsV7f1OAK1CwhjTHApTs6cQNzUm3EhelHHzJjDJFfbCr08LhCA_yJBfAoGnH2ru8SzfIRdwgrPXYFMDpoOSbrON8lJN_OKdGbKWMP1ONeJgfTJn6AYXOtCRwRmXl-_lZSpQAGnzxawGyms0q20eh5ZeEgiXBO2NVHRdREloSL_cG7BH2cXmSvLD1aMECVwWVeAJPToMQcmZr-w4lTExoy_nXzzh6lU90dks0Mtd_ERjS6JW40-IcW70mOBV3OA==/surf-lessons-mexico-sayulita-punta-mita.png,"Surfing Nayarit Mexico - Surf in Sayulita, Punta Mita, San Blas"
74,surfing_75,https://www.patagonia.com/surfing/,https://msp.c.yimg.jp/images/v2/FUTi93tXq405grZVGgDqGwx5wFuvtrc5DFzliS4tacCqDQMe_5lWYiWtsmkuyzsbHQMS-azQMvZ4e1MQMtHAx-LG88f4rU5fJKKMfGj48ceLPjaV9LvZvtqXooszFL1X-t6FnZyFzUoB6eCDgD4fY1ZoPLHr_FvGbk2wE1d5DFEPXrd34ggXJ_41glorEHGI0PrsiDQQ51RvZM6t2eBGORTPhwIm98zf5z9kDpzKcB2x3pzG3gJeOTEd5nUj5Ipdy9oBTvY9i0rFh44OjX2faDpzct1uqOOu7qLtaS6aE68OEBa8bk8_Z2rdgCTgliTAnPH6Fk3NsFGExBblTF7TEUaVyPM2oMOzO7OqapMlEaA9x2d053i6yqs_-C4nX2J5mccrn3nn-eS7Wx-zgNy5oVwBKV_l2dBFBe7ZOHMRrd0cVDp0znZS7breFkuaSrRcEEeKRM1xIPduGUcm9bo0Qgdi4OeG08L7MwTOcdcl4vtzj5H7fLv_8tacDHqPHzFE/F20-Wetsuits-Surf-mackinnon_a_0514-16x9-CB.jpg,Surfing - Patagonia
75,surfing_76,https://www.accuweather.com/en/weather-news/planning-a-surfing-trip-find-out-when-where-to-catch-the-best-waves-2/434087,https://msp.c.yimg.jp/images/v2/FUTi93tXq405grZVGgDqG1UYeXSI6x-5RHuyMva8BqJWYBW_xCk23pgH1Yr8r5fu8xPhvOOa8YokQ0h9FkFsJjFNy0Vc9M9ngOHsnuATYHfQ8VvvcE9Bpeihp4RYmXTdzyUFX3tJ_2FbORSufDRAFqFwLUoBlfpck-lOmldj_8YM_QD1P-o7YPgFUjfn8uOxTNj65nTiqkoOg-YjLhO6co93bOYOjpPIDBRYqHTiy5larjh-DAMxQi1bgbyBgOtOGqP_OAeHcAttiptdCJQWWrYkxGXzWa0W2AqEg5nFBhw=/surf-4.jpg,"Planning a surfing trip? Find out when, where to catch the ..."
76,surfing_77,https://en.wikipedia.org/wiki/Surfing_in_the_United_States,https://msp.c.yimg.jp/images/v2/FUTi93tXq405grZVGgDqGx5cm8knTLo61O84kVTxOan841a30-aIJSoqkmlQNsP4-Qv0KVqX9M9vYFUiwJk7TSBH7jyh-chk9w1-MJcZIBcpxpCmCFmdURiQe1ChJdJfo7DrNVWJ8c8AFrYWcqI429kj-yEKy5xtPES2WnxLjERY9awU576vDLFky3cNa-wMLXnuZzPpf2ASbFcPiJBOGll9LJ2W2XnJYc7UVyzbv_bsc2n61YIfisQP2bvReHtN7M8wm2RDU82vmIFN1Pv4RYVsWppXN31FUKYPTlY68-0UMdFe7X7o07KLkKqviYPiGk7Z1olRbzJnj0EY3vHGYxDGGJ_uc5atawQuAjy38gnnbZseneSK2G86G_FmHZwR6Ll2wKAU2uo5Beb3Ann-V-SsVuyeh_OCbqaEGE5qQ5ODZNRaifXhNCs_BugWVA5o/1200px-Surfer_at_the_Cayucos_Pier2C_Cayucos2C_CA.jpg,Surfing in the United States - Wikipedia
77,surfing_78,https://www.youtube.com/watch?v=c6lU-xYRjFA,https://msp.c.yimg.jp/images/v2/FUTi93tXq405grZVGgDqGxuQACxqi0fkbGNWy3I1FNVIIko1GpDzBYQPWfWmYjUERq1BMHEA2p9UI1JoqEALBzMwqx4j6JcYDIcqw_MaPg6u29AZ03Swm8z4wLRNpxe4DZhyb9nH9M4Fkte9iWk5hX6t2ZL4kOR3t36OnM_zc10jenfb2CWg8SzMLfY3ptq2QI_KBWBfmrDs_NjKds9WC8zGbwqIBnp81Hvk1q_6IdTX_k0wdtA7ZCq8cmsVmS2bFNBBvNDSnhxpaTJpIQuj3g==/maxresdefault.jpg,The World Loves Surfing | Best Of Red Bull Surfing 2021 ...
78,surfing_79,https://www.theatlantic.com/photo/2011/09/in-the-surf/100148/,https://msp.c.yimg.jp/images/v2/FUTi93tXq405grZVGgDqG8M0YW6XLIOlCkAoOaKI19fNGOKRkkD7AYLPT_9yGRD2As0VRuWTWCgEpeq-1YjIOV7i_0Zh3UXXrgW-cVjGsJkTH-I7vUlJM46EluNIeCrfxvl_xWpBhKnofilf7lWavtcpEpUhyD8bGEfcLXFWjTjHtQ4-jWnEUa8qwyOYsG5U8ejrD0xlEBh2Q2yugo4PrVsAOweQ-wojQNbVqUKDxjaMEFK9rj0Y7LLyCqdJczYeXGj0Z3M2WZIW-mJveG3_f1YGFhH6RqTC_q1eFRk5JI0vr_6r-P8iXrCWNWBivuitXcxLpU2dtnEBvBwsiYVymhFOXzig0f9892YY9pw22wVoyZ7WIywc8lzwYbnsqX-EvNJE8t3QBIAyCrO77uS8qQ==/original.jpg,In the Surf - The Atlantic
79,surfing_80,https://www.wikihow.com/Surf,https://msp.c.yimg.jp/images/v2/FUTi93tXq405grZVGgDqG98Ee67Eqy-9KNlDeIryHVpfNc8GEGIKUr4Mo3U4ZZ600x_ZbZ75YX9by3uLKpBMY24CQxT8SDI6hUfiGvaYbP3DqQmLcU97MLZLJ4L0G6yHK7w_x8nfWivDyk7ZeY_R0FP0hhOKE0WV02xp8COfSD8pG5KoyrMAI7gVWIkYk5LOlc7mt3ODI6AwMJ4Aoiv-l1hVdNPn8GJF1JZ-hY_3KcgjKFEggsOoiMnHVfYCwb5_rFn8nePC7NP5Zo78JOaEhs2rt2B4pXNUOpSO0_fZz0VtuyRwkp5USHG_0qRhFg5m9YDOB6c2a-Hqv-4fKc71sg==/aid6257-v4-1200px-Surf-Step-22.jpg,How to Surf (with Pictures) - wikiHow
80,surfing_81,https://www.discoverpuertorico.com/article/where-to-surf-puerto-rico,https://msp.c.yimg.jp/images/v2/FUTi93tXq405grZVGgDqG_zwtXokAAyh1MrmkrEXoR_rAQXVQb27lMLHRD0kT9Vj0HZKQVs4-CDd4qAP-hfjBxsv_dCFVV1iSB-AfNk_s0iGN8PbOLC3u63h5kNfb5Y6-uI1Iw_OKNi4BBSzdNH6uObqirpeo2p7jkqm85C9xkc2lPme8qPWj9F21wBwJRDOemKyHVEN7H8bC8FqqJFTFKmm_EF6wM-JXUglocL5DuhGlcjzNqDDszuzqmqTJRGgPcdndOd4usqrP_guJ19ieZnHK5955_nku1sfs4DcuaFcASlf5dnQRQXu2ThzEa3dQao-bDMAetrmBBncyVSHXIzJmxO3dLHbWE4Q5BlSIbuC3OvaYMXFdVvAQMgdi8JQRRfin7e38syyz9JPyA9eTg==/surfing-in-rincon-hero.jpg,Where to Surf in Puerto Rico | Discover Puerto Rico
81,surfing_82,https://www.lonelyplanet.com/articles/best-surfing-countries,https://msp.c.yimg.jp/images/v2/FUTi93tXq405grZVGgDqG6GnCgjTdNShvyTb8HRgtxD3E9N-1Ogy2HkC9t2i4C7MuSiKPuFVV5LfmqOFLzflZmEt8pm4EcgXw7I2JTRq45JfFVQ16TCvBQGEdjTXHfU9rtvQGdN0sJvM-MC0TacXuA2Ycm_Zx_TOBZLXvYlpOYV-rdmS-JDkd7d-jpzP83Nd-02kaulOSjjUlf77V_nz2W6GWPKQuf0tiU_ue8YE6L7nBBhNtGhcPg7bDLqa9rOqw_9xJrYydtfoSGhILqcfmBTQQbzQ0p4caWkyaSELo94=/GettyImages-1140005458.jpg,The 10 best countries for surfing in 2022 ‚Äì Lonely Planet ...
82,surfing_83,https://www.odysseysurfschool.com/blog/surfing/simple-rules-of-surfing-the-surf-etiquette/,https://msp.c.yimg.jp/images/v2/FUTi93tXq405grZVGgDqGzCsPMQYQNW6DJY95zIXc1KE0YQ-TWYnFIsLBbz1WAlGvTb3TK4D-cDeM6f7_SfqdOW_VBvnIXBnByZ2oMXG8N0qmSxWY4QaF4_tzjun4-R6s54RlrCg4EMTv2SkxOGWcbyfoFPkYkLOBe_9gJvz3iL2-1aH670-u0cTMmU1KTk4m6zjfJSTfzinRmyljD9TjXiYH0yZ-gGFzrQkcEZl5fv5WUqUABp88WsBsprNKttHoeWXhIIlwTtjVR0XURJaEqosVExkrZ1RVSSr8kFRNTjNF-dWx9xUQ1Bpc4p7j7sjtl1mBmACJdtjwIcCzz8RYeX5dJ8afmXZER6o3pkbIPs=/IMG_9324.jpg,Simple rules of surfing: The Surf Etiquette - Odysseys Surf ...
83,surfing_84,https://57hours.com/best-of/surfing-worldwide/,https://msp.c.yimg.jp/images/v2/FUTi93tXq405grZVGgDqG4L394XyIW3qYx_U17o6bvN122ucsGpRMMXHaqnPy2bQkYWlbZpKV7VrjsGS_x3cq0xitmn2EulUDyWoyH5pJ6ZcV_9Vl5-uyyUqV-LSqmSC6t9MIE8ft6xOuAMXXLKtcaPCyhegI00RTxCVaIG3YQ7-JsblGWJpaoPN5QlLwcxrd2U4cUFUkl97nzUO160yuj_QUXRm-jGOLxdB2E2XpqoNK9JC53GlWVYcT3Bp1nkGxcIsoYQNlGYyasA_x7xJmd-CNZol1Bs3Mvj3ZcLu4l2NNMbn6EL8F_F7zDG1WAxq/Best-surf-spots-in-the-world-646x420.jpg,The 10 Best Surf Spots in the World for 2022 | 57hours
84,surfing_85,https://www.civilbeat.org/2019/11/how-will-climate-change-affect-surfing-in-hawaii/,https://msp.c.yimg.jp/images/v2/FUTi93tXq405grZVGgDqGxwiOMwRmNnhDMasF0iItBodx1VkqL4Zt3IRJpOTrly2kAAksGKiLlvjd3mPc6J24bHnXsvHLDUSsIvQjloT3b121qBEAEAFfNz-fen8Lm7lXkAiQXm5-tq80nFwRNJdVDJmc0R2I61hIZSiBRzUV-8yujkacz3-zhaQ-NJ_zN_sy0cgE1wElJaeNcwQ2Y2g5DKMw-lxKgOYgq1L5ls9O6sEhYOyQpZCWnLC7ireFjKEdX7lVjXigOszpJsylsoNBUuejNxEnJXAefHnB48k1CfyjrNBw9iXW4gDGS-NANVS/Waimea-Bay-surfers2.jpg,How Will Climate Change Affect Surfing In Hawaii? - Honolulu ...
85,surfing_86,https://makanacharters.com/best-locations-surfing-kauai/,https://msp.c.yimg.jp/images/v2/FUTi93tXq405grZVGgDqGyGhf1JIQdx3guQ5m78LnWNaEnnJdwT9QfuupE1_dKXb9AUMvmjN_1rFFZFFZtZQL0YAqfFgNQ4WRaT-AOLx3jM000XYGB81y-QkZFm-sIBaaE4-W9uPEB76D8ZD-3inzOxrYG5tFG5kVMAHJXNVkDgUUjQfrSz3EoTjCHnQc5VLy081uZa8lDuwdcy3vRMShix4UBVTgDGJydWIM_T96eTjWciSU9L-6-EjlVUPoZgtiN-xTQFeMY-IKHKewhCi-RAsg0g-oKRL9O27WD81fQ0=/surfing-kauai.jpeg,5 Best Locations for Surfing in Kauai - Makana Charters
86,surfing_87,https://www.entrepreneur.com/article/270198,https://msp.c.yimg.jp/images/v2/FUTi93tXq405grZVGgDqG6ALi33b269uu2E1qbzqzDCrMPJEWKV6n1vHw7YiP2vmjn8rb7NxSFXQtpS6osLKlUbz-0zO9L2sYSuQ7seTz6WJZfnvj5CwpT4POhHo8j9TwTGSI8Q_9Ft6tDwL4pZzOchIDtdFDnuBuHnyVSvXf5KbrON8lJN_OKdGbKWMP1ONeJgfTJn6AYXOtCRwRmXl-_lZSpQAGnzxawGyms0q20eh5ZeEgiXBO2NVHRdREloS1b699FSN1ht8nEVJnKo3OGPPYp4U-_8V4gYVg-RiMGAy9odD3eD0yUhFjDlT9_d3YkOZsdyvDLQGi3i9ga42Gw==/20150608231057-surfing-water-waves.jpeg,5 Business Lessons I Learned From Surfing
87,surfing_88,https://www.npr.org/2021/09/12/1036054924/surfers-are-trading-natural-waves-for-artificial-ones-in-waco-texas,https://msp.c.yimg.jp/images/v2/FUTi93tXq405grZVGgDqG2Lh7lTW1oHpnPEyZS7GROY-AqCDnv5XN6xKt08CiKbPbrYOYRDvpd9LH9fS6OrSEiJW4QcplXP8-LIgU6lqSLSiX6hoQq10jqnVMbv7YuC-KsYyg79j5O_1VlSbaI8_bGTHv2VzfChBEPZvfvOscdFeQCJBebn62rzScXBE0l1UMmZzRHYjrWEhlKIFHNRX7zK6ORpzPf7OFpD40n_M3-zLRyATXASUlp41zBDZjaDkiUHgDELWAeIXwvsLd3MFv91l_z-nU6t2XnymwPpvqubJcAsIKhyOmmOMhTBEK1QxjkSIEjOkcz902m3Z-hu6NIz0-kdKhTK1vGzBC7f8wUA=/ben-elliott-7_slide-42a916e89b7e631d5295a073faa58a3ea512c13a.jpg,"Artificial Waves Take Off In Texas, Attracting Surfers ..."
88,surfing_89,https://www.theinertia.com/surf/15-useful-tips-for-beginning-surfers/,https://msp.c.yimg.jp/images/v2/tpvPBYOX1wpNVI1UoNSgElWVLQ2E6y7sWaKuUo3j1RUaOyuGFongc8Hm7mQ6ljIyuVv03SPQEpgWLg4LRwZmZ_oD8UbcAqH88dwrIo9_Ot_4tf6pLIveWrol34iHKuKLo8LKF6AjTRFPEJVogbdhDv4mxuUZYmlqg83lCUvBzGt3ZThxQVSSX3ufNQ7XrTK6P9BRdGb6MY4vF0HYTZemqq5qsYngBwEwAYgySFrc8ddtBQIkIbZN5F-3pswaMj6eCmUwCW_r-2PlSTmtcrQPB1skfVDPtkPDT4v4DadhOG8=/surf-1-670x388.jpg,15 Useful Tips for Beginning Surfers | The Inertia
89,surfing_90,https://www.holidify.com/pages/surfing-in-thailand-822.html,https://msp.c.yimg.jp/images/v2/FUTi93tXq405grZVGgDqG-g_W6DJdFMawSH6two8GBzscmaGfKLtsm8kgBATi_0wnADksS6BJvYIlQBY_yK1G5E6FVzQy2KpyHfg1bRs5If8rqsdEXcpiHcLdisxDXosVq3yhHjJA2NCPOgt6nxqk_F6SRVIsJ_NbxYiLv_-eMn-jO3iN4wLtyHYDxKaqgBiTiurRrSMZew9xAniFKagn3s3dayHIEhnZSuj5ftsZtuhyKOJOmRRcLgW3ubx0hCESBqmdPcuad-IXCmBg4veFv5hsmQwlBp8KxYDbp1TT0ilQDD60-R2kPKKS1Eq_p_0/surfing-2192675_1920_20190924182209.jpg,Surfing in Thailand - 11 Best Surf Spots in Thailand in 2022
90,surfing_91,https://www.stadiumtalk.com/s/30-greatest-surfers-all-time-d5b3a7ac8d154562,https://msp.c.yimg.jp/images/v2/FUTi93tXq405grZVGgDqG2rRLpCJDFk5h6ZUpyCbwLh94N4xJp4-aKkuYw62MT6HYAG_TiX4h7q6qeiY6r3ye3pWD7Swg0iiAslGsepRjg3d4_v172iKP0OVpI8IS-s8m6zjfJSTfzinRmyljD9TjXiYH0yZ-gGFzrQkcEZl5fv5WUqUABp88WsBsprNKttHoeWXhIIlwTtjVR0XURJaEtasHzd_ok4NsfTY9ZMXxsDlZ17LmEFvi6Z_G6J2Zgn8Ba-gSfr8RIHRmeUJhMx6O7QzdAMkuiPxomGmc-IlUgI=/0b2fa5aed97b4aafa65b48f86a8a368b.jpeg,30 Greatest Surfers of All Time | Stadium Talk
91,surfing_92,https://www.wionews.com/world/meet-joao-vitor-brazils-4-year-old-surfing-prodigy-326085,https://msp.c.yimg.jp/images/v2/FUTi93tXq405grZVGgDqG1GBrEy_plgtPImBaNuGLeQ56jfzZURulYm129tBDZh_WV3OiVEOzDsxlgidtycIzeBCYhhW44M1JZYAh4orFdC4c-XZ_h5jXYWq3x7uK-5ZVexgCJGzshCZgR2db-UhKhVhG8KmORyaXDBz_GjtYXJoTj5b248QHvoPxkP7eKfM7Gtgbm0UbmRUwAclc1WQOBRSNB-tLPcShOMIedBzlUvLTzW5lryUO7B1zLe9ExKGhKk4Ni2hBKMlobNaa2VcZCh3_h_hLwThAStLs4sRXhhs5_3k6ouqOU-KamNHCyQVIk_FEL9CDIYn8HdyTQYebA==/158748-br2.png,"Meet Joao Vitor, Brazil's 4-year-old surfing prodigy - World ..."
92,surfing_93,https://www.apple.com/tv-pr/news/2020/12/apple-tv-orders-new-world-surf-league-docuseries/,https://msp.c.yimg.jp/images/v2/FUTi93tXq405grZVGgDqG27ixqvwXwM0a1KHO1-eG5qYHnab3aIn6qzYD2DJH2OG5RChzXSQ0G5hSBdjKZgcqPuNJDir_gaca6oD2OR5kCejdS8-Qk4MSoePPzZEoFEPFgc91vi1RnR5cbL9sU1dzRvxTUY221NJBWURCzgtwFNKnfBSbWig6wq5IMvqDzd8Qh1QBx6jHiVO40NtKIdN2D-fasWL4bwqRBHSbcUORhdkBwF5WNDDhOMbc2IbpUGS3TIzIX1HYeTi5o4KpCqLdQBIkfLisWxDVb_N4kV9NS7xekkVSLCfzW8WIi7__njJ_ozt4jeMC7ch2A8SmqoAYk4rq0a0jGXsPcQJ4hSmoJ97N3WshyBIZ2Uro-X7bGbbwy-J_1AmGHcWUZ9gt-1DCLuORe-NnLCszhqj2iiamVAaSBfsF9cq4FJ9ukiiDvLYVWQbYr1bDstzopTTVpRLEA==/120420_Apple_World_Surf_League_Docuseries_Big_Image_01_big_image_post.jpg.large.jpg,Apple TV+ orders new World Surf League docuseries - Apple ...
93,surfing_94,https://letstalkscience.ca/educational-resources/stem-in-context/physics-surfing,https://msp.c.yimg.jp/images/v2/FUTi93tXq405grZVGgDqGzea9P5pbHfgUMQfBCkpAGGcyiNDFYkxBdZ7Go9fxRUPuDub3ZsmDjrdTxwQvRM0kHbZU6yxBt8KJP9whjo8vH5Yd66H81QpyocX14nYgY5lctxN2pJVKwhlehjJ_XqK-IBChlLTJjw6LO2QPrAUJkOmnhB4skm__wUKy4a7PA8XoPAu1aivy-X05EsU8j9_eBMIIYJQflYvPEIRcJzVqsNNAUm-fne_KQAOYqA5Z-n_57HEkZqU-qFRvEyp1avhVhwlNkLG23ePcwf0duT5Wp2DZNRaifXhNCs_BugWVA5o/Woman_on_surfboard.png,The Physics of Surfing | Let's Talk Science
94,surfing_95,https://www.ndtv.com/world-news/german-surfer-smashes-world-record-by-riding-86-feet-monster-wave-3010817,https://msp.c.yimg.jp/images/v2/FUTi93tXq405grZVGgDqG3C9lfHaJwt3274mPfzB2lxq_bzc-3fEv424QkmdXWUo8gV65jxCYplnsKL5ROOMzOh8QnbmB5LGBTNBgQFXR3Qk_nXTgzqAl_Un3RtgirLvd0XRgvS1dkUzsTp1yDMALIBChlLTJjw6LO2QPrAUJkOmnhB4skm__wUKy4a7PA8XoPAu1aivy-X05EsU8j9_eN5vDaSZ3ZWjdYHTDrSQSYj_6wEQsG6eaMzeGTNGoF9-4dVHPn--RDPIievdFfipXzURSK6qEVPpeMmyQkPsMzKDZNRaifXhNCs_BugWVA5o/72rmkua_sebastian-steudtner-650_625x300_26_May_22.jpg,German Surfer Smashes World Record By Riding 86-Feet Monster ...
95,surfing_96,https://www.pumpedupsup.com/blogs/news/surfing-sup-buyers-guide,https://msp.c.yimg.jp/images/v2/FUTi93tXq405grZVGgDqG5uXSWWU44pdkgV65L9FZlHqBhelvC5siSgbpi_DB1bhZJDqpTjqcJTFvlEpW8z5eyTZHqD2EM5R2SwQM2FiakUSmgudxdBuiIMZIPW6XKCVmxkc-rnA6dxfqjfLqJB8gH_hR_GE-6ILRJSE_qPqjn6brON8lJN_OKdGbKWMP1ONeJgfTJn6AYXOtCRwRmXl-_lZSpQAGnzxawGyms0q20eh5ZeEgiXBO2NVHRdREloSz4IIWvSwmuFR6PRBSMKTUSLCccbZ0qVbIL1PrAMaZmD4Lpt-oi-RSoJ6FiOQA5nx14iWHNo0vJHZQtvN13ekSg==/EarthRiverSUP-131_2048x.jpg,5 Questions To Ask Before Buying a SUP Surfing Board
96,surfing_97,https://www.bestsurfdestinations.com/surfing-portugal/,https://msp.c.yimg.jp/images/v2/FUTi93tXq405grZVGgDqG8YyYYpqyvva2cX_2u5dGeLJpjHI9Vi7443nEdDqGZ8SD_nsWftuFF_fAP17pbTI2GC2JXUfEXuIElpl2kRbveftsQZ3DcSk2IEElq8Tq1syByro58mzrzPr69qCd-UjqIwQUr2uPRjssvIKp0lzNh5caPRnczZZkhb6Ym94bf9_VgYWEfpGpML-rV4VGTkkjS-v_qv4_yJesJY1YGK-6K14xt9nFNLKH7YnfrDbNB0-KFm0DW-f5eXy-ErYPgusk2iG6UINUyA6s8biAUDEjHumSfyEHijHOq2UxN5fWVjr/Surfing-Portugal.jpg,A Complete Guide to Surfing Portugal | Best Surf Destinations
97,surfing_98,https://olympics.com/en/news/everything-you-need-to-know-about-olympic-surfing-at-tokyo-2020,https://msp.c.yimg.jp/images/v2/FUTi93tXq405grZVGgDqG0Jh5UcHVYM6Zlm9HoDKgKlxwYS1qkmLlXCfBbnrkZiFIwV8zePCkJcgsoDD_A4FGFspHlK6hgjmWWE4u70WYeHrDWeQz7IcJ3pyt1-fxT1RP2tDF8nbv4PwxigiBL3UiaEb7ZHeg-aG5dbGPMPYZ-cyZnNEdiOtYSGUogUc1FfvMro5GnM9_s4WkPjSf8zf7MtHIBNcBJSWnjXMENmNoOQwQ6HlXqui9FBgZFXLNN6Bf197hCQLy_jAb3oJo_XvO3nndIdL1byORBWOekVAtLJdbwPntYXcmupJ33Jz1Xc9jPT6R0qFMrW8bMELt_zBQA==/sttlzcz7ijd2hno5j2yu,Everything you need to know about Olympic Surfing at Tokyo 2020
98,surfing_99,https://unsplash.com/s/photos/surf,https://msp.c.yimg.jp/images/v2/FUTi93tXq405grZVGgDqG7s6XIz6WzUM9mMsixYxaAtspYjMOIcMNbvaVoOvVTNDEJfA-KC0e0VU3sxCzWEmlpmRYzzYHlTPWghTZrQjbQjONjhxiiBQdJKmgFQ6Jm9jLx4QPJzY6eHYgUb30cAJtpGFAUtZoK6Ta6pwxLD8W2jtDz99fmxP0UpkioAQcOctR97QxklMMZVX3RvkDI2WlWN8IfwjIm-tzEIm8tj85xmhuMk-I7fwMdFRidy8W3J7-BaX0qP-bLRqt2lkJdndYQa3VWisrzMyXGV6rMiqCPExnZLV_Zl85Al6icKCCuq0hWxamlc3fUVQpg9OVjrz7RQx0V7tfujTsouQqq-Jg-IaTtnWiVFvMmePQRje8cZjazwxXirA0FvuuFzN9uWA8PW20bZhaVCQA-4yDBMewObYXVgN9zvYgJD90Sd_zxvRLx8Wh3Jm4LuRx5CPlnAUYg==/view-of-man-learning-to-surf-in-the-morning-picture-id1296040412,1500+ Surf Pictures | Download Free Images on Unsplash
99,surfing_100,https://tutorials.barefootsurftravel.com/articles/river-surfing-in-montreal/,https://msp.c.yimg.jp/images/v2/FUTi93tXq405grZVGgDqGzHZNws6qXq68EJSyxzgcDmPwTuBneMK28G2xzXyIVM4mxuqL4ShTDCTBl2pM-DQV4gvnn1IrUB-7Ajg5Ue70cLIWw-AgtGQDvAfatySakZ7YBPZxhy_DCIOhrVd6v_zyjD600es7RfZFZG8QvUiRQvBMoPYG-HUNRZF1x8CDzGsy-Ij8CrYkQpp5pB2_lheaIH_QYZecdTV2ByUR4HWSc58sZv5YCy3kfPXOGaVQYTdiHGn7QlB0GbGQ4YXHker2oG0NfCEFRbcxZWGuVAUuMJLzduK_JNauAiAIoEDSLs3E7ZM__1uQ_AX358UYf6iaQ==/River-surfing-in-Montreal.jpeg,Surfing the River in Montreal - The Main Spots
